archivo_origen,numero_tabla,nombre_indicador,fuente,categoria,subcategoria,anio,valor
indicador1.xls,1,MUJERES DE 15 AÑOS Y MÁS CASADAS O UNIDAS CON AL MENOS UN INCIDENTE DE VIOLENCIA POR PARTE DE SU PAREJA EN LOS ÚLTIMOS 12 MESES POR TIPO DE VIOLENCIA Y TAMAÑO DE LOCALIDAD,INMUJERES,Total,Total,2003,9064458.0
indicador1.xls,1,MUJERES DE 15 AÑOS Y MÁS CASADAS O UNIDAS CON AL MENOS UN INCIDENTE DE VIOLENCIA POR PARTE DE SU PAREJA EN LOS ÚLTIMOS 12 MESES POR TIPO DE VIOLENCIA Y TAMAÑO DE LOCALIDAD,INMUJERES,nan,Rural,2003,1720408.0
indicador1.xls,1,MUJERES DE 15 AÑOS Y MÁS CASADAS O UNIDAS CON AL MENOS UN INCIDENTE DE VIOLENCIA POR PARTE DE SU PAREJA EN LOS ÚLTIMOS 12 MESES POR TIPO DE VIOLENCIA Y TAMAÑO DE LOCALIDAD,INMUJERES,nan,Urbana,2003,7344050.0
indicador1.xls,1,MUJERES DE 15 AÑOS Y MÁS CASADAS O UNIDAS CON AL MENOS UN INCIDENTE DE VIOLENCIA POR PARTE DE SU PAREJA EN LOS ÚLTIMOS 12 MESES POR TIPO DE VIOLENCIA Y TAMAÑO DE LOCALIDAD,INMUJERES,Emocional,Total,2003,7474242.0
indicador1.xls,1,MUJERES DE 15 AÑOS Y MÁS CASADAS O UNIDAS CON AL MENOS UN INCIDENTE DE VIOLENCIA POR PARTE DE SU PAREJA EN LOS ÚLTIMOS 12 MESES POR TIPO DE VIOLENCIA Y TAMAÑO DE LOCALIDAD,INMUJERES,nan,Rural,2003,1452585.0
indicador1.xls,1,MUJERES DE 15 AÑOS Y MÁS CASADAS O UNIDAS CON AL MENOS UN INCIDENTE DE VIOLENCIA POR PARTE DE SU PAREJA EN LOS ÚLTIMOS 12 MESES POR TIPO DE VIOLENCIA Y TAMAÑO DE LOCALIDAD,INMUJERES,nan,Urbana,2003,6021657.0
indicador1.xls,1,MUJERES DE 15 AÑOS Y MÁS CASADAS O UNIDAS CON AL MENOS UN INCIDENTE DE VIOLENCIA POR PARTE DE SU PAREJA EN LOS ÚLTIMOS 12 MESES POR TIPO DE VIOLENCIA Y TAMAÑO DE LOCALIDAD,INMUJERES,Económica,Total,2003,5709078.0
indicador1.xls,1,MUJERES DE 15 AÑOS Y MÁS CASADAS O UNIDAS CON AL MENOS UN INCIDENTE DE VIOLENCIA POR PARTE DE SU PAREJA EN LOS ÚLTIMOS 12 MESES POR TIPO DE VIOLENCIA Y TAMAÑO DE LOCALIDAD,INMUJERES,nan,Rural,2003,993189.0
indicador1.xls,1,MUJERES DE 15 AÑOS Y MÁS CASADAS O UNIDAS CON AL MENOS UN INCIDENTE DE VIOLENCIA POR PARTE DE SU PAREJA EN LOS ÚLTIMOS 12 MESES POR TIPO DE VIOLENCIA Y TAMAÑO DE LOCALIDAD,INMUJERES,nan,Urbana,2003,4715889.0
indicador1.xls,1,MUJERES DE 15 AÑOS Y MÁS CASADAS O UNIDAS CON AL MENOS UN INCIDENTE DE VIOLENCIA POR PARTE DE SU PAREJA EN LOS ÚLTIMOS 12 MESES POR TIPO DE VIOLENCIA Y TAMAÑO DE LOCALIDAD,INMUJERES,Física,Total,2003,1813370.0
indicador1.xls,1,MUJERES DE 15 AÑOS Y MÁS CASADAS O UNIDAS CON AL MENOS UN INCIDENTE DE VIOLENCIA POR PARTE DE SU PAREJA EN LOS ÚLTIMOS 12 MESES POR TIPO DE VIOLENCIA Y TAMAÑO DE LOCALIDAD,INMUJERES,nan,Rural,2003,397221.0
indicador1.xls,1,MUJERES DE 15 AÑOS Y MÁS CASADAS O UNIDAS CON AL MENOS UN INCIDENTE DE VIOLENCIA POR PARTE DE SU PAREJA EN LOS ÚLTIMOS 12 MESES POR TIPO DE VIOLENCIA Y TAMAÑO DE LOCALIDAD,INMUJERES,nan,Urbana,2003,1416149.0
indicador1.xls,1,MUJERES DE 15 AÑOS Y MÁS CASADAS O UNIDAS CON AL MENOS UN INCIDENTE DE VIOLENCIA POR PARTE DE SU PAREJA EN LOS ÚLTIMOS 12 MESES POR TIPO DE VIOLENCIA Y TAMAÑO DE LOCALIDAD,INMUJERES,Sexual,Total,2003,1527209.0
indicador1.xls,1,MUJERES DE 15 AÑOS Y MÁS CASADAS O UNIDAS CON AL MENOS UN INCIDENTE DE VIOLENCIA POR PARTE DE SU PAREJA EN LOS ÚLTIMOS 12 MESES POR TIPO DE VIOLENCIA Y TAMAÑO DE LOCALIDAD,INMUJERES,nan,Rural,2003,378856.0
indicador1.xls,1,MUJERES DE 15 AÑOS Y MÁS CASADAS O UNIDAS CON AL MENOS UN INCIDENTE DE VIOLENCIA POR PARTE DE SU PAREJA EN LOS ÚLTIMOS 12 MESES POR TIPO DE VIOLENCIA Y TAMAÑO DE LOCALIDAD,INMUJERES,nan,Urbana,2003,1148353.0
indicador2.xls,1,MUJERES DE 15 AÑOS Y MÁS CASADAS O UNIDAS QUE HAN SUFRIDO VIOLENCIA ECONÓMICA POR PARTE DE SU PAREJA EN LOS ÚLTIMOS 12 MESES POR GRUPOS DE EDAD,INMUJERES,Total,Total,2003,5709078.0
indicador2.xls,1,MUJERES DE 15 AÑOS Y MÁS CASADAS O UNIDAS QUE HAN SUFRIDO VIOLENCIA ECONÓMICA POR PARTE DE SU PAREJA EN LOS ÚLTIMOS 12 MESES POR GRUPOS DE EDAD,INMUJERES,15-19 años,15-19 años,2003,206922.0
indicador2.xls,1,MUJERES DE 15 AÑOS Y MÁS CASADAS O UNIDAS QUE HAN SUFRIDO VIOLENCIA ECONÓMICA POR PARTE DE SU PAREJA EN LOS ÚLTIMOS 12 MESES POR GRUPOS DE EDAD,INMUJERES,20-24 años,20-24 años,2003,576998.0
indicador2.xls,1,MUJERES DE 15 AÑOS Y MÁS CASADAS O UNIDAS QUE HAN SUFRIDO VIOLENCIA ECONÓMICA POR PARTE DE SU PAREJA EN LOS ÚLTIMOS 12 MESES POR GRUPOS DE EDAD,INMUJERES,25-29 años,25-29 años,2003,899069.0
indicador2.xls,1,MUJERES DE 15 AÑOS Y MÁS CASADAS O UNIDAS QUE HAN SUFRIDO VIOLENCIA ECONÓMICA POR PARTE DE SU PAREJA EN LOS ÚLTIMOS 12 MESES POR GRUPOS DE EDAD,INMUJERES,30-34 años,30-34 años,2003,892734.0
indicador2.xls,1,MUJERES DE 15 AÑOS Y MÁS CASADAS O UNIDAS QUE HAN SUFRIDO VIOLENCIA ECONÓMICA POR PARTE DE SU PAREJA EN LOS ÚLTIMOS 12 MESES POR GRUPOS DE EDAD,INMUJERES,35-39 años,35-39 años,2003,883376.0
indicador2.xls,1,MUJERES DE 15 AÑOS Y MÁS CASADAS O UNIDAS QUE HAN SUFRIDO VIOLENCIA ECONÓMICA POR PARTE DE SU PAREJA EN LOS ÚLTIMOS 12 MESES POR GRUPOS DE EDAD,INMUJERES,40-44 años,40-44 años,2003,748390.0
indicador2.xls,1,MUJERES DE 15 AÑOS Y MÁS CASADAS O UNIDAS QUE HAN SUFRIDO VIOLENCIA ECONÓMICA POR PARTE DE SU PAREJA EN LOS ÚLTIMOS 12 MESES POR GRUPOS DE EDAD,INMUJERES,45-49 años,45-49 años,2003,574387.0
indicador2.xls,1,MUJERES DE 15 AÑOS Y MÁS CASADAS O UNIDAS QUE HAN SUFRIDO VIOLENCIA ECONÓMICA POR PARTE DE SU PAREJA EN LOS ÚLTIMOS 12 MESES POR GRUPOS DE EDAD,INMUJERES,50 y más años,50 y más años,2003,927202.0
indicador2.xls,1,MUJERES DE 15 AÑOS Y MÁS CASADAS O UNIDAS QUE HAN SUFRIDO VIOLENCIA ECONÓMICA POR PARTE DE SU PAREJA EN LOS ÚLTIMOS 12 MESES POR GRUPOS DE EDAD,INMUJERES,No especificado,No especificado,2003,0.0
indicador3.xls,1,MUJERES DE 15 AÑOS Y MÁS CASADAS O UNIDAS QUE HAN SUFRIDO VIOLENCIA EMOCIONAL POR PARTE DE SU PAREJA EN LOS ÚLTIMOS 12 MESES POR GRUPOS DE EDAD,INMUJERES,Total,Total,2003,7474242.0
indicador3.xls,1,MUJERES DE 15 AÑOS Y MÁS CASADAS O UNIDAS QUE HAN SUFRIDO VIOLENCIA EMOCIONAL POR PARTE DE SU PAREJA EN LOS ÚLTIMOS 12 MESES POR GRUPOS DE EDAD,INMUJERES,15-19 años,15-19 años,2003,259780.0
indicador3.xls,1,MUJERES DE 15 AÑOS Y MÁS CASADAS O UNIDAS QUE HAN SUFRIDO VIOLENCIA EMOCIONAL POR PARTE DE SU PAREJA EN LOS ÚLTIMOS 12 MESES POR GRUPOS DE EDAD,INMUJERES,20-24 años,20-24 años,2003,731347.0
indicador3.xls,1,MUJERES DE 15 AÑOS Y MÁS CASADAS O UNIDAS QUE HAN SUFRIDO VIOLENCIA EMOCIONAL POR PARTE DE SU PAREJA EN LOS ÚLTIMOS 12 MESES POR GRUPOS DE EDAD,INMUJERES,25-29 años,25-29 años,2003,1107743.0
indicador3.xls,1,MUJERES DE 15 AÑOS Y MÁS CASADAS O UNIDAS QUE HAN SUFRIDO VIOLENCIA EMOCIONAL POR PARTE DE SU PAREJA EN LOS ÚLTIMOS 12 MESES POR GRUPOS DE EDAD,INMUJERES,30-34 años,30-34 años,2003,1210116.0
indicador3.xls,1,MUJERES DE 15 AÑOS Y MÁS CASADAS O UNIDAS QUE HAN SUFRIDO VIOLENCIA EMOCIONAL POR PARTE DE SU PAREJA EN LOS ÚLTIMOS 12 MESES POR GRUPOS DE EDAD,INMUJERES,35-39 años,35-39 años,2003,1109424.0
indicador3.xls,1,MUJERES DE 15 AÑOS Y MÁS CASADAS O UNIDAS QUE HAN SUFRIDO VIOLENCIA EMOCIONAL POR PARTE DE SU PAREJA EN LOS ÚLTIMOS 12 MESES POR GRUPOS DE EDAD,INMUJERES,40-44 años,40-44 años,2003,914820.0
indicador3.xls,1,MUJERES DE 15 AÑOS Y MÁS CASADAS O UNIDAS QUE HAN SUFRIDO VIOLENCIA EMOCIONAL POR PARTE DE SU PAREJA EN LOS ÚLTIMOS 12 MESES POR GRUPOS DE EDAD,INMUJERES,45-49 años,45-49 años,2003,761090.0
indicador3.xls,1,MUJERES DE 15 AÑOS Y MÁS CASADAS O UNIDAS QUE HAN SUFRIDO VIOLENCIA EMOCIONAL POR PARTE DE SU PAREJA EN LOS ÚLTIMOS 12 MESES POR GRUPOS DE EDAD,INMUJERES,50 y más años,50 y más años,2003,1379922.0
indicador3.xls,1,MUJERES DE 15 AÑOS Y MÁS CASADAS O UNIDAS QUE HAN SUFRIDO VIOLENCIA EMOCIONAL POR PARTE DE SU PAREJA EN LOS ÚLTIMOS 12 MESES POR GRUPOS DE EDAD,INMUJERES,No especificado,No especificado,2003,0.0
indicador4.xls,1,MUJERES DE 15 AÑOS Y MÁS CASADAS O UNIDAS QUE HAN SUFRIDO VIOLENCIA FÍSICA POR PARTE DE SU PAREJA EN LOS ÚLTIMOS 12 MESES POR GRUPOS DE EDAD,INMUJERES,Total,Total,2003,1813370.0
indicador4.xls,1,MUJERES DE 15 AÑOS Y MÁS CASADAS O UNIDAS QUE HAN SUFRIDO VIOLENCIA FÍSICA POR PARTE DE SU PAREJA EN LOS ÚLTIMOS 12 MESES POR GRUPOS DE EDAD,INMUJERES,15-19 años,15-19 años,2003,78607.0
indicador4.xls,1,MUJERES DE 15 AÑOS Y MÁS CASADAS O UNIDAS QUE HAN SUFRIDO VIOLENCIA FÍSICA POR PARTE DE SU PAREJA EN LOS ÚLTIMOS 12 MESES POR GRUPOS DE EDAD,INMUJERES,20-24 años,20-24 años,2003,239632.0
indicador4.xls,1,MUJERES DE 15 AÑOS Y MÁS CASADAS O UNIDAS QUE HAN SUFRIDO VIOLENCIA FÍSICA POR PARTE DE SU PAREJA EN LOS ÚLTIMOS 12 MESES POR GRUPOS DE EDAD,INMUJERES,25-29 años,25-29 años,2003,317525.0
indicador4.xls,1,MUJERES DE 15 AÑOS Y MÁS CASADAS O UNIDAS QUE HAN SUFRIDO VIOLENCIA FÍSICA POR PARTE DE SU PAREJA EN LOS ÚLTIMOS 12 MESES POR GRUPOS DE EDAD,INMUJERES,30-34 años,30-34 años,2003,335149.0
indicador4.xls,1,MUJERES DE 15 AÑOS Y MÁS CASADAS O UNIDAS QUE HAN SUFRIDO VIOLENCIA FÍSICA POR PARTE DE SU PAREJA EN LOS ÚLTIMOS 12 MESES POR GRUPOS DE EDAD,INMUJERES,35-39 años,35-39 años,2003,283283.0
indicador4.xls,1,MUJERES DE 15 AÑOS Y MÁS CASADAS O UNIDAS QUE HAN SUFRIDO VIOLENCIA FÍSICA POR PARTE DE SU PAREJA EN LOS ÚLTIMOS 12 MESES POR GRUPOS DE EDAD,INMUJERES,40-44 años,40-44 años,2003,197896.0
indicador4.xls,1,MUJERES DE 15 AÑOS Y MÁS CASADAS O UNIDAS QUE HAN SUFRIDO VIOLENCIA FÍSICA POR PARTE DE SU PAREJA EN LOS ÚLTIMOS 12 MESES POR GRUPOS DE EDAD,INMUJERES,45-49 años,45-49 años,2003,128724.0
indicador4.xls,1,MUJERES DE 15 AÑOS Y MÁS CASADAS O UNIDAS QUE HAN SUFRIDO VIOLENCIA FÍSICA POR PARTE DE SU PAREJA EN LOS ÚLTIMOS 12 MESES POR GRUPOS DE EDAD,INMUJERES,50 y más años,50 y más años,2003,232554.0
indicador4.xls,1,MUJERES DE 15 AÑOS Y MÁS CASADAS O UNIDAS QUE HAN SUFRIDO VIOLENCIA FÍSICA POR PARTE DE SU PAREJA EN LOS ÚLTIMOS 12 MESES POR GRUPOS DE EDAD,INMUJERES,No especificado,No especificado,2003,0.0
indicador5.xls,1,MUJERES DE 15 AÑOS Y MÁS CASADAS O UNIDAS QUE HAN SUFRIDO VIOLENCIA SEXUAL POR PARTE DE SU PAREJA EN LOS ÚLTIMOS 12 MESES POR GRUPOS DE EDAD,INMUJERES,Total,Total,2003,1527209.0
indicador5.xls,1,MUJERES DE 15 AÑOS Y MÁS CASADAS O UNIDAS QUE HAN SUFRIDO VIOLENCIA SEXUAL POR PARTE DE SU PAREJA EN LOS ÚLTIMOS 12 MESES POR GRUPOS DE EDAD,INMUJERES,15-19 años,15-19 años,2003,42819.0
indicador5.xls,1,MUJERES DE 15 AÑOS Y MÁS CASADAS O UNIDAS QUE HAN SUFRIDO VIOLENCIA SEXUAL POR PARTE DE SU PAREJA EN LOS ÚLTIMOS 12 MESES POR GRUPOS DE EDAD,INMUJERES,20-24 años,20-24 años,2003,128122.0
indicador5.xls,1,MUJERES DE 15 AÑOS Y MÁS CASADAS O UNIDAS QUE HAN SUFRIDO VIOLENCIA SEXUAL POR PARTE DE SU PAREJA EN LOS ÚLTIMOS 12 MESES POR GRUPOS DE EDAD,INMUJERES,25-29 años,25-29 años,2003,210257.0
indicador5.xls,1,MUJERES DE 15 AÑOS Y MÁS CASADAS O UNIDAS QUE HAN SUFRIDO VIOLENCIA SEXUAL POR PARTE DE SU PAREJA EN LOS ÚLTIMOS 12 MESES POR GRUPOS DE EDAD,INMUJERES,30-34 años,30-34 años,2003,214319.0
indicador5.xls,1,MUJERES DE 15 AÑOS Y MÁS CASADAS O UNIDAS QUE HAN SUFRIDO VIOLENCIA SEXUAL POR PARTE DE SU PAREJA EN LOS ÚLTIMOS 12 MESES POR GRUPOS DE EDAD,INMUJERES,35-39 años,35-39 años,2003,236047.0
indicador5.xls,1,MUJERES DE 15 AÑOS Y MÁS CASADAS O UNIDAS QUE HAN SUFRIDO VIOLENCIA SEXUAL POR PARTE DE SU PAREJA EN LOS ÚLTIMOS 12 MESES POR GRUPOS DE EDAD,INMUJERES,40-44 años,40-44 años,2003,236131.0
indicador5.xls,1,MUJERES DE 15 AÑOS Y MÁS CASADAS O UNIDAS QUE HAN SUFRIDO VIOLENCIA SEXUAL POR PARTE DE SU PAREJA EN LOS ÚLTIMOS 12 MESES POR GRUPOS DE EDAD,INMUJERES,45-49 años,45-49 años,2003,179328.0
indicador5.xls,1,MUJERES DE 15 AÑOS Y MÁS CASADAS O UNIDAS QUE HAN SUFRIDO VIOLENCIA SEXUAL POR PARTE DE SU PAREJA EN LOS ÚLTIMOS 12 MESES POR GRUPOS DE EDAD,INMUJERES,50 y más años,50 y más años,2003,280186.0
indicador5.xls,1,MUJERES DE 15 AÑOS Y MÁS CASADAS O UNIDAS QUE HAN SUFRIDO VIOLENCIA SEXUAL POR PARTE DE SU PAREJA EN LOS ÚLTIMOS 12 MESES POR GRUPOS DE EDAD,INMUJERES,No especificado,No especificado,2003,0.0
indicador1.xls,1,MUJERES DE 15 AÑOS Y MÁS CASADAS O UNIDAS CON AL MENOS UN INCIDENTE DE VIOLENCIA POR PARTE DE SU PAREJA EN LOS ÚLTIMOS 12 MESES POR TIPO DE VIOLENCIA Y TAMAÑO DE LOCALIDAD,INMUJERES,Total,Total,2006,8656871.0
indicador1.xls,1,MUJERES DE 15 AÑOS Y MÁS CASADAS O UNIDAS CON AL MENOS UN INCIDENTE DE VIOLENCIA POR PARTE DE SU PAREJA EN LOS ÚLTIMOS 12 MESES POR TIPO DE VIOLENCIA Y TAMAÑO DE LOCALIDAD,INMUJERES,nan,Rural,2006,1672556.0
indicador1.xls,1,MUJERES DE 15 AÑOS Y MÁS CASADAS O UNIDAS CON AL MENOS UN INCIDENTE DE VIOLENCIA POR PARTE DE SU PAREJA EN LOS ÚLTIMOS 12 MESES POR TIPO DE VIOLENCIA Y TAMAÑO DE LOCALIDAD,INMUJERES,nan,Urbana,2006,6984315.0
indicador1.xls,1,MUJERES DE 15 AÑOS Y MÁS CASADAS O UNIDAS CON AL MENOS UN INCIDENTE DE VIOLENCIA POR PARTE DE SU PAREJA EN LOS ÚLTIMOS 12 MESES POR TIPO DE VIOLENCIA Y TAMAÑO DE LOCALIDAD,INMUJERES,Emocional,Total,2006,6927327.0
indicador1.xls,1,MUJERES DE 15 AÑOS Y MÁS CASADAS O UNIDAS CON AL MENOS UN INCIDENTE DE VIOLENCIA POR PARTE DE SU PAREJA EN LOS ÚLTIMOS 12 MESES POR TIPO DE VIOLENCIA Y TAMAÑO DE LOCALIDAD,INMUJERES,nan,Rural,2006,1326558.0
indicador1.xls,1,MUJERES DE 15 AÑOS Y MÁS CASADAS O UNIDAS CON AL MENOS UN INCIDENTE DE VIOLENCIA POR PARTE DE SU PAREJA EN LOS ÚLTIMOS 12 MESES POR TIPO DE VIOLENCIA Y TAMAÑO DE LOCALIDAD,INMUJERES,nan,Urbana,2006,5600769.0
indicador1.xls,1,MUJERES DE 15 AÑOS Y MÁS CASADAS O UNIDAS CON AL MENOS UN INCIDENTE DE VIOLENCIA POR PARTE DE SU PAREJA EN LOS ÚLTIMOS 12 MESES POR TIPO DE VIOLENCIA Y TAMAÑO DE LOCALIDAD,INMUJERES,Económica,Total,2006,4955279.0
indicador1.xls,1,MUJERES DE 15 AÑOS Y MÁS CASADAS O UNIDAS CON AL MENOS UN INCIDENTE DE VIOLENCIA POR PARTE DE SU PAREJA EN LOS ÚLTIMOS 12 MESES POR TIPO DE VIOLENCIA Y TAMAÑO DE LOCALIDAD,INMUJERES,nan,Rural,2006,905500.0
indicador1.xls,1,MUJERES DE 15 AÑOS Y MÁS CASADAS O UNIDAS CON AL MENOS UN INCIDENTE DE VIOLENCIA POR PARTE DE SU PAREJA EN LOS ÚLTIMOS 12 MESES POR TIPO DE VIOLENCIA Y TAMAÑO DE LOCALIDAD,INMUJERES,nan,Urbana,2006,4049779.0
indicador1.xls,1,MUJERES DE 15 AÑOS Y MÁS CASADAS O UNIDAS CON AL MENOS UN INCIDENTE DE VIOLENCIA POR PARTE DE SU PAREJA EN LOS ÚLTIMOS 12 MESES POR TIPO DE VIOLENCIA Y TAMAÑO DE LOCALIDAD,INMUJERES,Física,Total,2006,2213941.0
indicador1.xls,1,MUJERES DE 15 AÑOS Y MÁS CASADAS O UNIDAS CON AL MENOS UN INCIDENTE DE VIOLENCIA POR PARTE DE SU PAREJA EN LOS ÚLTIMOS 12 MESES POR TIPO DE VIOLENCIA Y TAMAÑO DE LOCALIDAD,INMUJERES,nan,Rural,2006,468061.0
indicador1.xls,1,MUJERES DE 15 AÑOS Y MÁS CASADAS O UNIDAS CON AL MENOS UN INCIDENTE DE VIOLENCIA POR PARTE DE SU PAREJA EN LOS ÚLTIMOS 12 MESES POR TIPO DE VIOLENCIA Y TAMAÑO DE LOCALIDAD,INMUJERES,nan,Urbana,2006,1745880.0
indicador1.xls,1,MUJERES DE 15 AÑOS Y MÁS CASADAS O UNIDAS CON AL MENOS UN INCIDENTE DE VIOLENCIA POR PARTE DE SU PAREJA EN LOS ÚLTIMOS 12 MESES POR TIPO DE VIOLENCIA Y TAMAÑO DE LOCALIDAD,INMUJERES,Sexual,Total,2006,1292127.0
indicador1.xls,1,MUJERES DE 15 AÑOS Y MÁS CASADAS O UNIDAS CON AL MENOS UN INCIDENTE DE VIOLENCIA POR PARTE DE SU PAREJA EN LOS ÚLTIMOS 12 MESES POR TIPO DE VIOLENCIA Y TAMAÑO DE LOCALIDAD,INMUJERES,nan,Rural,2006,296451.0
indicador1.xls,1,MUJERES DE 15 AÑOS Y MÁS CASADAS O UNIDAS CON AL MENOS UN INCIDENTE DE VIOLENCIA POR PARTE DE SU PAREJA EN LOS ÚLTIMOS 12 MESES POR TIPO DE VIOLENCIA Y TAMAÑO DE LOCALIDAD,INMUJERES,nan,Urbana,2006,995676.0
indicador2.xls,1,MUJERES DE 15 AÑOS Y MÁS CASADAS O UNIDAS QUE HAN SUFRIDO VIOLENCIA ECONÓMICA POR PARTE DE SU PAREJA EN LOS ÚLTIMOS 12 MESES POR GRUPOS DE EDAD,INMUJERES,Total,Total,2006,4955279.0
indicador2.xls,1,MUJERES DE 15 AÑOS Y MÁS CASADAS O UNIDAS QUE HAN SUFRIDO VIOLENCIA ECONÓMICA POR PARTE DE SU PAREJA EN LOS ÚLTIMOS 12 MESES POR GRUPOS DE EDAD,INMUJERES,15-19 años,15-19 años,2006,202780.0
indicador2.xls,1,MUJERES DE 15 AÑOS Y MÁS CASADAS O UNIDAS QUE HAN SUFRIDO VIOLENCIA ECONÓMICA POR PARTE DE SU PAREJA EN LOS ÚLTIMOS 12 MESES POR GRUPOS DE EDAD,INMUJERES,20-24 años,20-24 años,2006,596534.0
indicador2.xls,1,MUJERES DE 15 AÑOS Y MÁS CASADAS O UNIDAS QUE HAN SUFRIDO VIOLENCIA ECONÓMICA POR PARTE DE SU PAREJA EN LOS ÚLTIMOS 12 MESES POR GRUPOS DE EDAD,INMUJERES,25-29 años,25-29 años,2006,660105.0
indicador2.xls,1,MUJERES DE 15 AÑOS Y MÁS CASADAS O UNIDAS QUE HAN SUFRIDO VIOLENCIA ECONÓMICA POR PARTE DE SU PAREJA EN LOS ÚLTIMOS 12 MESES POR GRUPOS DE EDAD,INMUJERES,30-34 años,30-34 años,2006,791652.0
indicador2.xls,1,MUJERES DE 15 AÑOS Y MÁS CASADAS O UNIDAS QUE HAN SUFRIDO VIOLENCIA ECONÓMICA POR PARTE DE SU PAREJA EN LOS ÚLTIMOS 12 MESES POR GRUPOS DE EDAD,INMUJERES,35-39 años,35-39 años,2006,751431.0
indicador2.xls,1,MUJERES DE 15 AÑOS Y MÁS CASADAS O UNIDAS QUE HAN SUFRIDO VIOLENCIA ECONÓMICA POR PARTE DE SU PAREJA EN LOS ÚLTIMOS 12 MESES POR GRUPOS DE EDAD,INMUJERES,40-44 años,40-44 años,2006,605520.0
indicador2.xls,1,MUJERES DE 15 AÑOS Y MÁS CASADAS O UNIDAS QUE HAN SUFRIDO VIOLENCIA ECONÓMICA POR PARTE DE SU PAREJA EN LOS ÚLTIMOS 12 MESES POR GRUPOS DE EDAD,INMUJERES,45-49 años,45-49 años,2006,473504.0
indicador2.xls,1,MUJERES DE 15 AÑOS Y MÁS CASADAS O UNIDAS QUE HAN SUFRIDO VIOLENCIA ECONÓMICA POR PARTE DE SU PAREJA EN LOS ÚLTIMOS 12 MESES POR GRUPOS DE EDAD,INMUJERES,50 y más años,50 y más años,2006,873753.0
indicador2.xls,1,MUJERES DE 15 AÑOS Y MÁS CASADAS O UNIDAS QUE HAN SUFRIDO VIOLENCIA ECONÓMICA POR PARTE DE SU PAREJA EN LOS ÚLTIMOS 12 MESES POR GRUPOS DE EDAD,INMUJERES,No especificado,No especificado,2006,0.0
indicador3.xls,1,MUJERES DE 15 AÑOS Y MÁS CASADAS O UNIDAS QUE HAN SUFRIDO VIOLENCIA EMOCIONAL POR PARTE DE SU PAREJA EN LOS ÚLTIMOS 12 MESES POR GRUPOS DE EDAD,INMUJERES,Total,Total,2006,6927327.0
indicador3.xls,1,MUJERES DE 15 AÑOS Y MÁS CASADAS O UNIDAS QUE HAN SUFRIDO VIOLENCIA EMOCIONAL POR PARTE DE SU PAREJA EN LOS ÚLTIMOS 12 MESES POR GRUPOS DE EDAD,INMUJERES,15-19 años,15-19 años,2006,253500.0
indicador3.xls,1,MUJERES DE 15 AÑOS Y MÁS CASADAS O UNIDAS QUE HAN SUFRIDO VIOLENCIA EMOCIONAL POR PARTE DE SU PAREJA EN LOS ÚLTIMOS 12 MESES POR GRUPOS DE EDAD,INMUJERES,20-24 años,20-24 años,2006,746587.0
indicador3.xls,1,MUJERES DE 15 AÑOS Y MÁS CASADAS O UNIDAS QUE HAN SUFRIDO VIOLENCIA EMOCIONAL POR PARTE DE SU PAREJA EN LOS ÚLTIMOS 12 MESES POR GRUPOS DE EDAD,INMUJERES,25-29 años,25-29 años,2006,883967.0
indicador3.xls,1,MUJERES DE 15 AÑOS Y MÁS CASADAS O UNIDAS QUE HAN SUFRIDO VIOLENCIA EMOCIONAL POR PARTE DE SU PAREJA EN LOS ÚLTIMOS 12 MESES POR GRUPOS DE EDAD,INMUJERES,30-34 años,30-34 años,2006,1117059.0
indicador3.xls,1,MUJERES DE 15 AÑOS Y MÁS CASADAS O UNIDAS QUE HAN SUFRIDO VIOLENCIA EMOCIONAL POR PARTE DE SU PAREJA EN LOS ÚLTIMOS 12 MESES POR GRUPOS DE EDAD,INMUJERES,35-39 años,35-39 años,2006,1050343.0
indicador3.xls,1,MUJERES DE 15 AÑOS Y MÁS CASADAS O UNIDAS QUE HAN SUFRIDO VIOLENCIA EMOCIONAL POR PARTE DE SU PAREJA EN LOS ÚLTIMOS 12 MESES POR GRUPOS DE EDAD,INMUJERES,40-44 años,40-44 años,2006,818867.0
indicador3.xls,1,MUJERES DE 15 AÑOS Y MÁS CASADAS O UNIDAS QUE HAN SUFRIDO VIOLENCIA EMOCIONAL POR PARTE DE SU PAREJA EN LOS ÚLTIMOS 12 MESES POR GRUPOS DE EDAD,INMUJERES,45-49 años,45-49 años,2006,713006.0
indicador3.xls,1,MUJERES DE 15 AÑOS Y MÁS CASADAS O UNIDAS QUE HAN SUFRIDO VIOLENCIA EMOCIONAL POR PARTE DE SU PAREJA EN LOS ÚLTIMOS 12 MESES POR GRUPOS DE EDAD,INMUJERES,50 y más años,50 y más años,2006,1343580.0
indicador3.xls,1,MUJERES DE 15 AÑOS Y MÁS CASADAS O UNIDAS QUE HAN SUFRIDO VIOLENCIA EMOCIONAL POR PARTE DE SU PAREJA EN LOS ÚLTIMOS 12 MESES POR GRUPOS DE EDAD,INMUJERES,No especificado,No especificado,2006,418.0
indicador4.xls,1,MUJERES DE 15 AÑOS Y MÁS CASADAS O UNIDAS QUE HAN SUFRIDO VIOLENCIA FÍSICA POR PARTE DE SU PAREJA EN LOS ÚLTIMOS 12 MESES POR GRUPOS DE EDAD,INMUJERES,Total,Total,2006,2213941.0
indicador4.xls,1,MUJERES DE 15 AÑOS Y MÁS CASADAS O UNIDAS QUE HAN SUFRIDO VIOLENCIA FÍSICA POR PARTE DE SU PAREJA EN LOS ÚLTIMOS 12 MESES POR GRUPOS DE EDAD,INMUJERES,15-19 años,15-19 años,2006,101974.0
indicador4.xls,1,MUJERES DE 15 AÑOS Y MÁS CASADAS O UNIDAS QUE HAN SUFRIDO VIOLENCIA FÍSICA POR PARTE DE SU PAREJA EN LOS ÚLTIMOS 12 MESES POR GRUPOS DE EDAD,INMUJERES,20-24 años,20-24 años,2006,265965.0
indicador4.xls,1,MUJERES DE 15 AÑOS Y MÁS CASADAS O UNIDAS QUE HAN SUFRIDO VIOLENCIA FÍSICA POR PARTE DE SU PAREJA EN LOS ÚLTIMOS 12 MESES POR GRUPOS DE EDAD,INMUJERES,25-29 años,25-29 años,2006,299071.0
indicador4.xls,1,MUJERES DE 15 AÑOS Y MÁS CASADAS O UNIDAS QUE HAN SUFRIDO VIOLENCIA FÍSICA POR PARTE DE SU PAREJA EN LOS ÚLTIMOS 12 MESES POR GRUPOS DE EDAD,INMUJERES,30-34 años,30-34 años,2006,338480.0
indicador4.xls,1,MUJERES DE 15 AÑOS Y MÁS CASADAS O UNIDAS QUE HAN SUFRIDO VIOLENCIA FÍSICA POR PARTE DE SU PAREJA EN LOS ÚLTIMOS 12 MESES POR GRUPOS DE EDAD,INMUJERES,35-39 años,35-39 años,2006,321335.0
indicador4.xls,1,MUJERES DE 15 AÑOS Y MÁS CASADAS O UNIDAS QUE HAN SUFRIDO VIOLENCIA FÍSICA POR PARTE DE SU PAREJA EN LOS ÚLTIMOS 12 MESES POR GRUPOS DE EDAD,INMUJERES,40-44 años,40-44 años,2006,252185.0
indicador4.xls,1,MUJERES DE 15 AÑOS Y MÁS CASADAS O UNIDAS QUE HAN SUFRIDO VIOLENCIA FÍSICA POR PARTE DE SU PAREJA EN LOS ÚLTIMOS 12 MESES POR GRUPOS DE EDAD,INMUJERES,45-49 años,45-49 años,2006,197397.0
indicador4.xls,1,MUJERES DE 15 AÑOS Y MÁS CASADAS O UNIDAS QUE HAN SUFRIDO VIOLENCIA FÍSICA POR PARTE DE SU PAREJA EN LOS ÚLTIMOS 12 MESES POR GRUPOS DE EDAD,INMUJERES,50 y más años,50 y más años,2006,437116.0
indicador4.xls,1,MUJERES DE 15 AÑOS Y MÁS CASADAS O UNIDAS QUE HAN SUFRIDO VIOLENCIA FÍSICA POR PARTE DE SU PAREJA EN LOS ÚLTIMOS 12 MESES POR GRUPOS DE EDAD,INMUJERES,No especificado,No especificado,2006,418.0
indicador5.xls,1,MUJERES DE 15 AÑOS Y MÁS CASADAS O UNIDAS QUE HAN SUFRIDO VIOLENCIA SEXUAL POR PARTE DE SU PAREJA EN LOS ÚLTIMOS 12 MESES POR GRUPOS DE EDAD,INMUJERES,Total,Total,2006,1292127.0
indicador5.xls,1,MUJERES DE 15 AÑOS Y MÁS CASADAS O UNIDAS QUE HAN SUFRIDO VIOLENCIA SEXUAL POR PARTE DE SU PAREJA EN LOS ÚLTIMOS 12 MESES POR GRUPOS DE EDAD,INMUJERES,15-19 años,15-19 años,2006,36267.0
indicador5.xls,1,MUJERES DE 15 AÑOS Y MÁS CASADAS O UNIDAS QUE HAN SUFRIDO VIOLENCIA SEXUAL POR PARTE DE SU PAREJA EN LOS ÚLTIMOS 12 MESES POR GRUPOS DE EDAD,INMUJERES,20-24 años,20-24 años,2006,92774.0
indicador5.xls,1,MUJERES DE 15 AÑOS Y MÁS CASADAS O UNIDAS QUE HAN SUFRIDO VIOLENCIA SEXUAL POR PARTE DE SU PAREJA EN LOS ÚLTIMOS 12 MESES POR GRUPOS DE EDAD,INMUJERES,25-29 años,25-29 años,2006,118977.0
indicador5.xls,1,MUJERES DE 15 AÑOS Y MÁS CASADAS O UNIDAS QUE HAN SUFRIDO VIOLENCIA SEXUAL POR PARTE DE SU PAREJA EN LOS ÚLTIMOS 12 MESES POR GRUPOS DE EDAD,INMUJERES,30-34 años,30-34 años,2006,195465.0
indicador5.xls,1,MUJERES DE 15 AÑOS Y MÁS CASADAS O UNIDAS QUE HAN SUFRIDO VIOLENCIA SEXUAL POR PARTE DE SU PAREJA EN LOS ÚLTIMOS 12 MESES POR GRUPOS DE EDAD,INMUJERES,35-39 años,35-39 años,2006,217641.0
indicador5.xls,1,MUJERES DE 15 AÑOS Y MÁS CASADAS O UNIDAS QUE HAN SUFRIDO VIOLENCIA SEXUAL POR PARTE DE SU PAREJA EN LOS ÚLTIMOS 12 MESES POR GRUPOS DE EDAD,INMUJERES,40-44 años,40-44 años,2006,178517.0
indicador5.xls,1,MUJERES DE 15 AÑOS Y MÁS CASADAS O UNIDAS QUE HAN SUFRIDO VIOLENCIA SEXUAL POR PARTE DE SU PAREJA EN LOS ÚLTIMOS 12 MESES POR GRUPOS DE EDAD,INMUJERES,45-49 años,45-49 años,2006,154906.0
indicador5.xls,1,MUJERES DE 15 AÑOS Y MÁS CASADAS O UNIDAS QUE HAN SUFRIDO VIOLENCIA SEXUAL POR PARTE DE SU PAREJA EN LOS ÚLTIMOS 12 MESES POR GRUPOS DE EDAD,INMUJERES,50 y más años,50 y más años,2006,297580.0
indicador5.xls,1,MUJERES DE 15 AÑOS Y MÁS CASADAS O UNIDAS QUE HAN SUFRIDO VIOLENCIA SEXUAL POR PARTE DE SU PAREJA EN LOS ÚLTIMOS 12 MESES POR GRUPOS DE EDAD,INMUJERES,No especificado,No especificado,2006,0.0
indicador7.xls,1,MUJERES DE 15 AÑOS Y MÁS QUE HAN SUFRIDO ALGÚN INCIDENTE DE VIOLENCIA EN CUALQUIER ÁMBITO A LO LARGO DE LA VIDA POR SITUACIÓN CONYUGAL,INMUJERES,Total,Total,2006,23967657.0
indicador7.xls,1,MUJERES DE 15 AÑOS Y MÁS QUE HAN SUFRIDO ALGÚN INCIDENTE DE VIOLENCIA EN CUALQUIER ÁMBITO A LO LARGO DE LA VIDA POR SITUACIÓN CONYUGAL,INMUJERES,Casadas o unidas,Casadas o unidas,2006,14516971.0
indicador7.xls,1,MUJERES DE 15 AÑOS Y MÁS QUE HAN SUFRIDO ALGÚN INCIDENTE DE VIOLENCIA EN CUALQUIER ÁMBITO A LO LARGO DE LA VIDA POR SITUACIÓN CONYUGAL,INMUJERES,"Divorciadas, separadas o viudas","Divorciadas, separadas o viudas",2006,2644847.0
indicador7.xls,1,MUJERES DE 15 AÑOS Y MÁS QUE HAN SUFRIDO ALGÚN INCIDENTE DE VIOLENCIA EN CUALQUIER ÁMBITO A LO LARGO DE LA VIDA POR SITUACIÓN CONYUGAL,INMUJERES,Solteras,Solteras,2006,6805839.0
indicador1.xls,1,MUJERES DE 15 AÑOS Y MÁS CASADAS O UNIDAS CON AL MENOS UN INCIDENTE DE VIOLENCIA POR PARTE DE SU PAREJA EN LOS ÚLTIMOS 12 MESES POR TIPO DE VIOLENCIA Y TAMAÑO DE LOCALIDAD,INMUJERES,Total,Total,2011,8367014.0
indicador1.xls,1,MUJERES DE 15 AÑOS Y MÁS CASADAS O UNIDAS CON AL MENOS UN INCIDENTE DE VIOLENCIA POR PARTE DE SU PAREJA EN LOS ÚLTIMOS 12 MESES POR TIPO DE VIOLENCIA Y TAMAÑO DE LOCALIDAD,INMUJERES,nan,Rural,2011,1734472.0
indicador1.xls,1,MUJERES DE 15 AÑOS Y MÁS CASADAS O UNIDAS CON AL MENOS UN INCIDENTE DE VIOLENCIA POR PARTE DE SU PAREJA EN LOS ÚLTIMOS 12 MESES POR TIPO DE VIOLENCIA Y TAMAÑO DE LOCALIDAD,INMUJERES,nan,Urbana,2011,6632542.0
indicador1.xls,1,MUJERES DE 15 AÑOS Y MÁS CASADAS O UNIDAS CON AL MENOS UN INCIDENTE DE VIOLENCIA POR PARTE DE SU PAREJA EN LOS ÚLTIMOS 12 MESES POR TIPO DE VIOLENCIA Y TAMAÑO DE LOCALIDAD,INMUJERES,Emocional,Total,2011,6779243.0
indicador1.xls,1,MUJERES DE 15 AÑOS Y MÁS CASADAS O UNIDAS CON AL MENOS UN INCIDENTE DE VIOLENCIA POR PARTE DE SU PAREJA EN LOS ÚLTIMOS 12 MESES POR TIPO DE VIOLENCIA Y TAMAÑO DE LOCALIDAD,INMUJERES,nan,Rural,2011,1329660.0
indicador1.xls,1,MUJERES DE 15 AÑOS Y MÁS CASADAS O UNIDAS CON AL MENOS UN INCIDENTE DE VIOLENCIA POR PARTE DE SU PAREJA EN LOS ÚLTIMOS 12 MESES POR TIPO DE VIOLENCIA Y TAMAÑO DE LOCALIDAD,INMUJERES,nan,Urbana,2011,5449583.0
indicador1.xls,1,MUJERES DE 15 AÑOS Y MÁS CASADAS O UNIDAS CON AL MENOS UN INCIDENTE DE VIOLENCIA POR PARTE DE SU PAREJA EN LOS ÚLTIMOS 12 MESES POR TIPO DE VIOLENCIA Y TAMAÑO DE LOCALIDAD,INMUJERES,Económica,Total,2011,4290871.0
indicador1.xls,1,MUJERES DE 15 AÑOS Y MÁS CASADAS O UNIDAS CON AL MENOS UN INCIDENTE DE VIOLENCIA POR PARTE DE SU PAREJA EN LOS ÚLTIMOS 12 MESES POR TIPO DE VIOLENCIA Y TAMAÑO DE LOCALIDAD,INMUJERES,nan,Rural,2011,856882.0
indicador1.xls,1,MUJERES DE 15 AÑOS Y MÁS CASADAS O UNIDAS CON AL MENOS UN INCIDENTE DE VIOLENCIA POR PARTE DE SU PAREJA EN LOS ÚLTIMOS 12 MESES POR TIPO DE VIOLENCIA Y TAMAÑO DE LOCALIDAD,INMUJERES,nan,Urbana,2011,3433989.0
indicador1.xls,1,MUJERES DE 15 AÑOS Y MÁS CASADAS O UNIDAS CON AL MENOS UN INCIDENTE DE VIOLENCIA POR PARTE DE SU PAREJA EN LOS ÚLTIMOS 12 MESES POR TIPO DE VIOLENCIA Y TAMAÑO DE LOCALIDAD,INMUJERES,Física,Total,2011,1569744.0
indicador1.xls,1,MUJERES DE 15 AÑOS Y MÁS CASADAS O UNIDAS CON AL MENOS UN INCIDENTE DE VIOLENCIA POR PARTE DE SU PAREJA EN LOS ÚLTIMOS 12 MESES POR TIPO DE VIOLENCIA Y TAMAÑO DE LOCALIDAD,INMUJERES,nan,Rural,2011,405465.0
indicador1.xls,1,MUJERES DE 15 AÑOS Y MÁS CASADAS O UNIDAS CON AL MENOS UN INCIDENTE DE VIOLENCIA POR PARTE DE SU PAREJA EN LOS ÚLTIMOS 12 MESES POR TIPO DE VIOLENCIA Y TAMAÑO DE LOCALIDAD,INMUJERES,nan,Urbana,2011,1164279.0
indicador1.xls,1,MUJERES DE 15 AÑOS Y MÁS CASADAS O UNIDAS CON AL MENOS UN INCIDENTE DE VIOLENCIA POR PARTE DE SU PAREJA EN LOS ÚLTIMOS 12 MESES POR TIPO DE VIOLENCIA Y TAMAÑO DE LOCALIDAD,INMUJERES,Sexual,Total,2011,704428.0
indicador1.xls,1,MUJERES DE 15 AÑOS Y MÁS CASADAS O UNIDAS CON AL MENOS UN INCIDENTE DE VIOLENCIA POR PARTE DE SU PAREJA EN LOS ÚLTIMOS 12 MESES POR TIPO DE VIOLENCIA Y TAMAÑO DE LOCALIDAD,INMUJERES,nan,Rural,2011,172645.0
indicador1.xls,1,MUJERES DE 15 AÑOS Y MÁS CASADAS O UNIDAS CON AL MENOS UN INCIDENTE DE VIOLENCIA POR PARTE DE SU PAREJA EN LOS ÚLTIMOS 12 MESES POR TIPO DE VIOLENCIA Y TAMAÑO DE LOCALIDAD,INMUJERES,nan,Urbana,2011,531783.0
indicador2.xls,1,MUJERES DE 15 AÑOS Y MÁS CASADAS O UNIDAS QUE HAN SUFRIDO VIOLENCIA ECONÓMICA POR PARTE DE SU PAREJA EN LOS ÚLTIMOS 12 MESES POR GRUPOS DE EDAD,INMUJERES,Total,Total,2011,4290871.0
indicador2.xls,1,MUJERES DE 15 AÑOS Y MÁS CASADAS O UNIDAS QUE HAN SUFRIDO VIOLENCIA ECONÓMICA POR PARTE DE SU PAREJA EN LOS ÚLTIMOS 12 MESES POR GRUPOS DE EDAD,INMUJERES,15-19 años,15-19 años,2011,190224.0
indicador2.xls,1,MUJERES DE 15 AÑOS Y MÁS CASADAS O UNIDAS QUE HAN SUFRIDO VIOLENCIA ECONÓMICA POR PARTE DE SU PAREJA EN LOS ÚLTIMOS 12 MESES POR GRUPOS DE EDAD,INMUJERES,20-24 años,20-24 años,2011,467396.0
indicador2.xls,1,MUJERES DE 15 AÑOS Y MÁS CASADAS O UNIDAS QUE HAN SUFRIDO VIOLENCIA ECONÓMICA POR PARTE DE SU PAREJA EN LOS ÚLTIMOS 12 MESES POR GRUPOS DE EDAD,INMUJERES,25-29 años,25-29 años,2011,585292.0
indicador2.xls,1,MUJERES DE 15 AÑOS Y MÁS CASADAS O UNIDAS QUE HAN SUFRIDO VIOLENCIA ECONÓMICA POR PARTE DE SU PAREJA EN LOS ÚLTIMOS 12 MESES POR GRUPOS DE EDAD,INMUJERES,30-34 años,30-34 años,2011,645196.0
indicador2.xls,1,MUJERES DE 15 AÑOS Y MÁS CASADAS O UNIDAS QUE HAN SUFRIDO VIOLENCIA ECONÓMICA POR PARTE DE SU PAREJA EN LOS ÚLTIMOS 12 MESES POR GRUPOS DE EDAD,INMUJERES,35-39 años,35-39 años,2011,671018.0
indicador2.xls,1,MUJERES DE 15 AÑOS Y MÁS CASADAS O UNIDAS QUE HAN SUFRIDO VIOLENCIA ECONÓMICA POR PARTE DE SU PAREJA EN LOS ÚLTIMOS 12 MESES POR GRUPOS DE EDAD,INMUJERES,40-44 años,40-44 años,2011,505966.0
indicador2.xls,1,MUJERES DE 15 AÑOS Y MÁS CASADAS O UNIDAS QUE HAN SUFRIDO VIOLENCIA ECONÓMICA POR PARTE DE SU PAREJA EN LOS ÚLTIMOS 12 MESES POR GRUPOS DE EDAD,INMUJERES,45-49 años,45-49 años,2011,433446.0
indicador2.xls,1,MUJERES DE 15 AÑOS Y MÁS CASADAS O UNIDAS QUE HAN SUFRIDO VIOLENCIA ECONÓMICA POR PARTE DE SU PAREJA EN LOS ÚLTIMOS 12 MESES POR GRUPOS DE EDAD,INMUJERES,50 y más años,50 y más años,2011,789499.0
indicador2.xls,1,MUJERES DE 15 AÑOS Y MÁS CASADAS O UNIDAS QUE HAN SUFRIDO VIOLENCIA ECONÓMICA POR PARTE DE SU PAREJA EN LOS ÚLTIMOS 12 MESES POR GRUPOS DE EDAD,INMUJERES,No especificado,No especificado,2011,2834.0
indicador3.xls,1,MUJERES DE 15 AÑOS Y MÁS CASADAS O UNIDAS QUE HAN SUFRIDO VIOLENCIA EMOCIONAL POR PARTE DE SU PAREJA EN LOS ÚLTIMOS 12 MESES POR GRUPOS DE EDAD,INMUJERES,Total,Total,2011,6779243.0
indicador3.xls,1,MUJERES DE 15 AÑOS Y MÁS CASADAS O UNIDAS QUE HAN SUFRIDO VIOLENCIA EMOCIONAL POR PARTE DE SU PAREJA EN LOS ÚLTIMOS 12 MESES POR GRUPOS DE EDAD,INMUJERES,15-19 años,15-19 años,2011,277443.0
indicador3.xls,1,MUJERES DE 15 AÑOS Y MÁS CASADAS O UNIDAS QUE HAN SUFRIDO VIOLENCIA EMOCIONAL POR PARTE DE SU PAREJA EN LOS ÚLTIMOS 12 MESES POR GRUPOS DE EDAD,INMUJERES,20-24 años,20-24 años,2011,691145.0
indicador3.xls,1,MUJERES DE 15 AÑOS Y MÁS CASADAS O UNIDAS QUE HAN SUFRIDO VIOLENCIA EMOCIONAL POR PARTE DE SU PAREJA EN LOS ÚLTIMOS 12 MESES POR GRUPOS DE EDAD,INMUJERES,25-29 años,25-29 años,2011,937575.0
indicador3.xls,1,MUJERES DE 15 AÑOS Y MÁS CASADAS O UNIDAS QUE HAN SUFRIDO VIOLENCIA EMOCIONAL POR PARTE DE SU PAREJA EN LOS ÚLTIMOS 12 MESES POR GRUPOS DE EDAD,INMUJERES,30-34 años,30-34 años,2011,1003440.0
indicador3.xls,1,MUJERES DE 15 AÑOS Y MÁS CASADAS O UNIDAS QUE HAN SUFRIDO VIOLENCIA EMOCIONAL POR PARTE DE SU PAREJA EN LOS ÚLTIMOS 12 MESES POR GRUPOS DE EDAD,INMUJERES,35-39 años,35-39 años,2011,1040684.0
indicador3.xls,1,MUJERES DE 15 AÑOS Y MÁS CASADAS O UNIDAS QUE HAN SUFRIDO VIOLENCIA EMOCIONAL POR PARTE DE SU PAREJA EN LOS ÚLTIMOS 12 MESES POR GRUPOS DE EDAD,INMUJERES,40-44 años,40-44 años,2011,792188.0
indicador3.xls,1,MUJERES DE 15 AÑOS Y MÁS CASADAS O UNIDAS QUE HAN SUFRIDO VIOLENCIA EMOCIONAL POR PARTE DE SU PAREJA EN LOS ÚLTIMOS 12 MESES POR GRUPOS DE EDAD,INMUJERES,45-49 años,45-49 años,2011,686727.0
indicador3.xls,1,MUJERES DE 15 AÑOS Y MÁS CASADAS O UNIDAS QUE HAN SUFRIDO VIOLENCIA EMOCIONAL POR PARTE DE SU PAREJA EN LOS ÚLTIMOS 12 MESES POR GRUPOS DE EDAD,INMUJERES,50 y más años,50 y más años,2011,1344867.0
indicador3.xls,1,MUJERES DE 15 AÑOS Y MÁS CASADAS O UNIDAS QUE HAN SUFRIDO VIOLENCIA EMOCIONAL POR PARTE DE SU PAREJA EN LOS ÚLTIMOS 12 MESES POR GRUPOS DE EDAD,INMUJERES,No especificado,No especificado,2011,5174.0
indicador4.xls,1,MUJERES DE 15 AÑOS Y MÁS CASADAS O UNIDAS QUE HAN SUFRIDO VIOLENCIA FÍSICA POR PARTE DE SU PAREJA EN LOS ÚLTIMOS 12 MESES POR GRUPOS DE EDAD,INMUJERES,Total,Total,2011,1569744.0
indicador4.xls,1,MUJERES DE 15 AÑOS Y MÁS CASADAS O UNIDAS QUE HAN SUFRIDO VIOLENCIA FÍSICA POR PARTE DE SU PAREJA EN LOS ÚLTIMOS 12 MESES POR GRUPOS DE EDAD,INMUJERES,15-19 años,15-19 años,2011,73677.0
indicador4.xls,1,MUJERES DE 15 AÑOS Y MÁS CASADAS O UNIDAS QUE HAN SUFRIDO VIOLENCIA FÍSICA POR PARTE DE SU PAREJA EN LOS ÚLTIMOS 12 MESES POR GRUPOS DE EDAD,INMUJERES,20-24 años,20-24 años,2011,162412.0
indicador4.xls,1,MUJERES DE 15 AÑOS Y MÁS CASADAS O UNIDAS QUE HAN SUFRIDO VIOLENCIA FÍSICA POR PARTE DE SU PAREJA EN LOS ÚLTIMOS 12 MESES POR GRUPOS DE EDAD,INMUJERES,25-29 años,25-29 años,2011,193174.0
indicador4.xls,1,MUJERES DE 15 AÑOS Y MÁS CASADAS O UNIDAS QUE HAN SUFRIDO VIOLENCIA FÍSICA POR PARTE DE SU PAREJA EN LOS ÚLTIMOS 12 MESES POR GRUPOS DE EDAD,INMUJERES,30-34 años,30-34 años,2011,202948.0
indicador4.xls,1,MUJERES DE 15 AÑOS Y MÁS CASADAS O UNIDAS QUE HAN SUFRIDO VIOLENCIA FÍSICA POR PARTE DE SU PAREJA EN LOS ÚLTIMOS 12 MESES POR GRUPOS DE EDAD,INMUJERES,35-39 años,35-39 años,2011,220688.0
indicador4.xls,1,MUJERES DE 15 AÑOS Y MÁS CASADAS O UNIDAS QUE HAN SUFRIDO VIOLENCIA FÍSICA POR PARTE DE SU PAREJA EN LOS ÚLTIMOS 12 MESES POR GRUPOS DE EDAD,INMUJERES,40-44 años,40-44 años,2011,187372.0
indicador4.xls,1,MUJERES DE 15 AÑOS Y MÁS CASADAS O UNIDAS QUE HAN SUFRIDO VIOLENCIA FÍSICA POR PARTE DE SU PAREJA EN LOS ÚLTIMOS 12 MESES POR GRUPOS DE EDAD,INMUJERES,45-49 años,45-49 años,2011,160226.0
indicador4.xls,1,MUJERES DE 15 AÑOS Y MÁS CASADAS O UNIDAS QUE HAN SUFRIDO VIOLENCIA FÍSICA POR PARTE DE SU PAREJA EN LOS ÚLTIMOS 12 MESES POR GRUPOS DE EDAD,INMUJERES,50 y más años,50 y más años,2011,367864.0
indicador4.xls,1,MUJERES DE 15 AÑOS Y MÁS CASADAS O UNIDAS QUE HAN SUFRIDO VIOLENCIA FÍSICA POR PARTE DE SU PAREJA EN LOS ÚLTIMOS 12 MESES POR GRUPOS DE EDAD,INMUJERES,No especificado,No especificado,2011,1383.0
indicador5.xls,1,MUJERES DE 15 AÑOS Y MÁS CASADAS O UNIDAS QUE HAN SUFRIDO VIOLENCIA SEXUAL POR PARTE DE SU PAREJA EN LOS ÚLTIMOS 12 MESES POR GRUPOS DE EDAD,INMUJERES,Total,Total,2011,704428.0
indicador5.xls,1,MUJERES DE 15 AÑOS Y MÁS CASADAS O UNIDAS QUE HAN SUFRIDO VIOLENCIA SEXUAL POR PARTE DE SU PAREJA EN LOS ÚLTIMOS 12 MESES POR GRUPOS DE EDAD,INMUJERES,15-19 años,15-19 años,2011,22874.0
indicador5.xls,1,MUJERES DE 15 AÑOS Y MÁS CASADAS O UNIDAS QUE HAN SUFRIDO VIOLENCIA SEXUAL POR PARTE DE SU PAREJA EN LOS ÚLTIMOS 12 MESES POR GRUPOS DE EDAD,INMUJERES,20-24 años,20-24 años,2011,45269.0
indicador5.xls,1,MUJERES DE 15 AÑOS Y MÁS CASADAS O UNIDAS QUE HAN SUFRIDO VIOLENCIA SEXUAL POR PARTE DE SU PAREJA EN LOS ÚLTIMOS 12 MESES POR GRUPOS DE EDAD,INMUJERES,25-29 años,25-29 años,2011,63411.0
indicador5.xls,1,MUJERES DE 15 AÑOS Y MÁS CASADAS O UNIDAS QUE HAN SUFRIDO VIOLENCIA SEXUAL POR PARTE DE SU PAREJA EN LOS ÚLTIMOS 12 MESES POR GRUPOS DE EDAD,INMUJERES,30-34 años,30-34 años,2011,86610.0
indicador5.xls,1,MUJERES DE 15 AÑOS Y MÁS CASADAS O UNIDAS QUE HAN SUFRIDO VIOLENCIA SEXUAL POR PARTE DE SU PAREJA EN LOS ÚLTIMOS 12 MESES POR GRUPOS DE EDAD,INMUJERES,35-39 años,35-39 años,2011,110343.0
indicador5.xls,1,MUJERES DE 15 AÑOS Y MÁS CASADAS O UNIDAS QUE HAN SUFRIDO VIOLENCIA SEXUAL POR PARTE DE SU PAREJA EN LOS ÚLTIMOS 12 MESES POR GRUPOS DE EDAD,INMUJERES,40-44 años,40-44 años,2011,100609.0
indicador5.xls,1,MUJERES DE 15 AÑOS Y MÁS CASADAS O UNIDAS QUE HAN SUFRIDO VIOLENCIA SEXUAL POR PARTE DE SU PAREJA EN LOS ÚLTIMOS 12 MESES POR GRUPOS DE EDAD,INMUJERES,45-49 años,45-49 años,2011,91255.0
indicador5.xls,1,MUJERES DE 15 AÑOS Y MÁS CASADAS O UNIDAS QUE HAN SUFRIDO VIOLENCIA SEXUAL POR PARTE DE SU PAREJA EN LOS ÚLTIMOS 12 MESES POR GRUPOS DE EDAD,INMUJERES,50 y más años,50 y más años,2011,183555.0
indicador5.xls,1,MUJERES DE 15 AÑOS Y MÁS CASADAS O UNIDAS QUE HAN SUFRIDO VIOLENCIA SEXUAL POR PARTE DE SU PAREJA EN LOS ÚLTIMOS 12 MESES POR GRUPOS DE EDAD,INMUJERES,No especificado,No especificado,2011,502.0
indicador7.xls,1,MUJERES DE 15 AÑOS Y MÁS QUE HAN SUFRIDO ALGÚN INCIDENTE DE VIOLENCIA EN CUALQUIER ÁMBITO A LO LARGO DE LA VIDA POR SITUACIÓN CONYUGAL,INMUJERES,Total,Total,2011,26735375.0
indicador7.xls,1,MUJERES DE 15 AÑOS Y MÁS QUE HAN SUFRIDO ALGÚN INCIDENTE DE VIOLENCIA EN CUALQUIER ÁMBITO A LO LARGO DE LA VIDA POR SITUACIÓN CONYUGAL,INMUJERES,Casadas o unidas,Casadas o unidas,2011,15271598.0
indicador7.xls,1,MUJERES DE 15 AÑOS Y MÁS QUE HAN SUFRIDO ALGÚN INCIDENTE DE VIOLENCIA EN CUALQUIER ÁMBITO A LO LARGO DE LA VIDA POR SITUACIÓN CONYUGAL,INMUJERES,"Divorciadas, separadas o viudas","Divorciadas, separadas o viudas",2011,5463092.0
indicador7.xls,1,MUJERES DE 15 AÑOS Y MÁS QUE HAN SUFRIDO ALGÚN INCIDENTE DE VIOLENCIA EN CUALQUIER ÁMBITO A LO LARGO DE LA VIDA POR SITUACIÓN CONYUGAL,INMUJERES,Solteras,Solteras,2011,6000685.0
indicador8.xls,1,MUJERES VÍCTIMAS DE VIOLENCIA ATENDIDAS EN REFUGIOS Y CENTROS DE JUSTICIA,INMUJERES,Nacional,Nacional,2011,2690.0
indicador9.xls,1,DENUNCIAS PRESENTADAS ANTE AGENCIAS DEL MINISTERIO PÚBLICO POR DELITOS DE GÉNERO,INMUJERES,Nacional,Nacional,2011,36169.0
indicador1.xls,1,MUJERES DE 15 AÑOS Y MÁS CASADAS O UNIDAS CON AL MENOS UN INCIDENTE DE VIOLENCIA POR PARTE DE SU PAREJA EN LOS ÚLTIMOS 12 MESES POR TIPO DE VIOLENCIA Y TAMAÑO DE LOCALIDAD,INMUJERES,Total,Total,2016,8116105.0
indicador1.xls,1,MUJERES DE 15 AÑOS Y MÁS CASADAS O UNIDAS CON AL MENOS UN INCIDENTE DE VIOLENCIA POR PARTE DE SU PAREJA EN LOS ÚLTIMOS 12 MESES POR TIPO DE VIOLENCIA Y TAMAÑO DE LOCALIDAD,INMUJERES,nan,Rural,2016,3618953.0
indicador1.xls,1,MUJERES DE 15 AÑOS Y MÁS CASADAS O UNIDAS CON AL MENOS UN INCIDENTE DE VIOLENCIA POR PARTE DE SU PAREJA EN LOS ÚLTIMOS 12 MESES POR TIPO DE VIOLENCIA Y TAMAÑO DE LOCALIDAD,INMUJERES,nan,Urbana,2016,4497152.0
indicador1.xls,1,MUJERES DE 15 AÑOS Y MÁS CASADAS O UNIDAS CON AL MENOS UN INCIDENTE DE VIOLENCIA POR PARTE DE SU PAREJA EN LOS ÚLTIMOS 12 MESES POR TIPO DE VIOLENCIA Y TAMAÑO DE LOCALIDAD,INMUJERES,Emocional,Total,2016,7322490.0
indicador1.xls,1,MUJERES DE 15 AÑOS Y MÁS CASADAS O UNIDAS CON AL MENOS UN INCIDENTE DE VIOLENCIA POR PARTE DE SU PAREJA EN LOS ÚLTIMOS 12 MESES POR TIPO DE VIOLENCIA Y TAMAÑO DE LOCALIDAD,INMUJERES,nan,Rural,2016,3214607.0
indicador1.xls,1,MUJERES DE 15 AÑOS Y MÁS CASADAS O UNIDAS CON AL MENOS UN INCIDENTE DE VIOLENCIA POR PARTE DE SU PAREJA EN LOS ÚLTIMOS 12 MESES POR TIPO DE VIOLENCIA Y TAMAÑO DE LOCALIDAD,INMUJERES,nan,Urbana,2016,4107883.0
indicador1.xls,1,MUJERES DE 15 AÑOS Y MÁS CASADAS O UNIDAS CON AL MENOS UN INCIDENTE DE VIOLENCIA POR PARTE DE SU PAREJA EN LOS ÚLTIMOS 12 MESES POR TIPO DE VIOLENCIA Y TAMAÑO DE LOCALIDAD,INMUJERES,Económica,Total,2016,3678049.0
indicador1.xls,1,MUJERES DE 15 AÑOS Y MÁS CASADAS O UNIDAS CON AL MENOS UN INCIDENTE DE VIOLENCIA POR PARTE DE SU PAREJA EN LOS ÚLTIMOS 12 MESES POR TIPO DE VIOLENCIA Y TAMAÑO DE LOCALIDAD,INMUJERES,nan,Rural,2016,1653295.0
indicador1.xls,1,MUJERES DE 15 AÑOS Y MÁS CASADAS O UNIDAS CON AL MENOS UN INCIDENTE DE VIOLENCIA POR PARTE DE SU PAREJA EN LOS ÚLTIMOS 12 MESES POR TIPO DE VIOLENCIA Y TAMAÑO DE LOCALIDAD,INMUJERES,nan,Urbana,2016,2024754.0
indicador1.xls,1,MUJERES DE 15 AÑOS Y MÁS CASADAS O UNIDAS CON AL MENOS UN INCIDENTE DE VIOLENCIA POR PARTE DE SU PAREJA EN LOS ÚLTIMOS 12 MESES POR TIPO DE VIOLENCIA Y TAMAÑO DE LOCALIDAD,INMUJERES,Física,Total,2016,2218384.0
indicador1.xls,1,MUJERES DE 15 AÑOS Y MÁS CASADAS O UNIDAS CON AL MENOS UN INCIDENTE DE VIOLENCIA POR PARTE DE SU PAREJA EN LOS ÚLTIMOS 12 MESES POR TIPO DE VIOLENCIA Y TAMAÑO DE LOCALIDAD,INMUJERES,nan,Rural,2016,1096722.0
indicador1.xls,1,MUJERES DE 15 AÑOS Y MÁS CASADAS O UNIDAS CON AL MENOS UN INCIDENTE DE VIOLENCIA POR PARTE DE SU PAREJA EN LOS ÚLTIMOS 12 MESES POR TIPO DE VIOLENCIA Y TAMAÑO DE LOCALIDAD,INMUJERES,nan,Urbana,2016,1121662.0
indicador1.xls,1,MUJERES DE 15 AÑOS Y MÁS CASADAS O UNIDAS CON AL MENOS UN INCIDENTE DE VIOLENCIA POR PARTE DE SU PAREJA EN LOS ÚLTIMOS 12 MESES POR TIPO DE VIOLENCIA Y TAMAÑO DE LOCALIDAD,INMUJERES,Sexual,Total,2016,611192.0
indicador1.xls,1,MUJERES DE 15 AÑOS Y MÁS CASADAS O UNIDAS CON AL MENOS UN INCIDENTE DE VIOLENCIA POR PARTE DE SU PAREJA EN LOS ÚLTIMOS 12 MESES POR TIPO DE VIOLENCIA Y TAMAÑO DE LOCALIDAD,INMUJERES,nan,Rural,2016,302420.0
indicador1.xls,1,MUJERES DE 15 AÑOS Y MÁS CASADAS O UNIDAS CON AL MENOS UN INCIDENTE DE VIOLENCIA POR PARTE DE SU PAREJA EN LOS ÚLTIMOS 12 MESES POR TIPO DE VIOLENCIA Y TAMAÑO DE LOCALIDAD,INMUJERES,nan,Urbana,2016,308772.0
indicador10.xls,1,PRESUNTOS DELITOS DE VIOLACIÓN,INMUJERES,Total,Total,2016,13549.0
indicador10.xls,1,PRESUNTOS DELITOS DE VIOLACIÓN,INMUJERES,Violación simple,Violación simple,2016,11002.0
indicador10.xls,1,PRESUNTOS DELITOS DE VIOLACIÓN,INMUJERES,Violación equiparada,Violación equiparada,2016,2547.0
indicador2.xls,1,MUJERES DE 15 AÑOS Y MÁS CASADAS O UNIDAS QUE HAN SUFRIDO VIOLENCIA ECONÓMICA POR PARTE DE SU PAREJA EN LOS ÚLTIMOS 12 MESES POR GRUPOS DE EDAD,INMUJERES,Total,Total,2016,3678049.0
indicador2.xls,1,MUJERES DE 15 AÑOS Y MÁS CASADAS O UNIDAS QUE HAN SUFRIDO VIOLENCIA ECONÓMICA POR PARTE DE SU PAREJA EN LOS ÚLTIMOS 12 MESES POR GRUPOS DE EDAD,INMUJERES,15-19 años,15-19 años,2016,162243.0
indicador2.xls,1,MUJERES DE 15 AÑOS Y MÁS CASADAS O UNIDAS QUE HAN SUFRIDO VIOLENCIA ECONÓMICA POR PARTE DE SU PAREJA EN LOS ÚLTIMOS 12 MESES POR GRUPOS DE EDAD,INMUJERES,20-24 años,20-24 años,2016,373851.0
indicador2.xls,1,MUJERES DE 15 AÑOS Y MÁS CASADAS O UNIDAS QUE HAN SUFRIDO VIOLENCIA ECONÓMICA POR PARTE DE SU PAREJA EN LOS ÚLTIMOS 12 MESES POR GRUPOS DE EDAD,INMUJERES,25-29 años,25-29 años,2016,438122.0
indicador2.xls,1,MUJERES DE 15 AÑOS Y MÁS CASADAS O UNIDAS QUE HAN SUFRIDO VIOLENCIA ECONÓMICA POR PARTE DE SU PAREJA EN LOS ÚLTIMOS 12 MESES POR GRUPOS DE EDAD,INMUJERES,30-34 años,30-34 años,2016,491663.0
indicador2.xls,1,MUJERES DE 15 AÑOS Y MÁS CASADAS O UNIDAS QUE HAN SUFRIDO VIOLENCIA ECONÓMICA POR PARTE DE SU PAREJA EN LOS ÚLTIMOS 12 MESES POR GRUPOS DE EDAD,INMUJERES,35-39 años,35-39 años,2016,489554.0
indicador2.xls,1,MUJERES DE 15 AÑOS Y MÁS CASADAS O UNIDAS QUE HAN SUFRIDO VIOLENCIA ECONÓMICA POR PARTE DE SU PAREJA EN LOS ÚLTIMOS 12 MESES POR GRUPOS DE EDAD,INMUJERES,40-44 años,40-44 años,2016,464443.0
indicador2.xls,1,MUJERES DE 15 AÑOS Y MÁS CASADAS O UNIDAS QUE HAN SUFRIDO VIOLENCIA ECONÓMICA POR PARTE DE SU PAREJA EN LOS ÚLTIMOS 12 MESES POR GRUPOS DE EDAD,INMUJERES,45-49 años,45-49 años,2016,370070.0
indicador2.xls,1,MUJERES DE 15 AÑOS Y MÁS CASADAS O UNIDAS QUE HAN SUFRIDO VIOLENCIA ECONÓMICA POR PARTE DE SU PAREJA EN LOS ÚLTIMOS 12 MESES POR GRUPOS DE EDAD,INMUJERES,50 y más años,50 y más años,2016,881035.0
indicador2.xls,1,MUJERES DE 15 AÑOS Y MÁS CASADAS O UNIDAS QUE HAN SUFRIDO VIOLENCIA ECONÓMICA POR PARTE DE SU PAREJA EN LOS ÚLTIMOS 12 MESES POR GRUPOS DE EDAD,INMUJERES,No especificado,No especificado,2016,7068.0
indicador3.xls,1,MUJERES DE 15 AÑOS Y MÁS CASADAS O UNIDAS QUE HAN SUFRIDO VIOLENCIA EMOCIONAL POR PARTE DE SU PAREJA EN LOS ÚLTIMOS 12 MESES POR GRUPOS DE EDAD,INMUJERES,Total,Total,2016,7322490.0
indicador3.xls,1,MUJERES DE 15 AÑOS Y MÁS CASADAS O UNIDAS QUE HAN SUFRIDO VIOLENCIA EMOCIONAL POR PARTE DE SU PAREJA EN LOS ÚLTIMOS 12 MESES POR GRUPOS DE EDAD,INMUJERES,15-19 años,15-19 años,2016,255606.0
indicador3.xls,1,MUJERES DE 15 AÑOS Y MÁS CASADAS O UNIDAS QUE HAN SUFRIDO VIOLENCIA EMOCIONAL POR PARTE DE SU PAREJA EN LOS ÚLTIMOS 12 MESES POR GRUPOS DE EDAD,INMUJERES,20-24 años,20-24 años,2016,758840.0
indicador3.xls,1,MUJERES DE 15 AÑOS Y MÁS CASADAS O UNIDAS QUE HAN SUFRIDO VIOLENCIA EMOCIONAL POR PARTE DE SU PAREJA EN LOS ÚLTIMOS 12 MESES POR GRUPOS DE EDAD,INMUJERES,25-29 años,25-29 años,2016,883852.0
indicador3.xls,1,MUJERES DE 15 AÑOS Y MÁS CASADAS O UNIDAS QUE HAN SUFRIDO VIOLENCIA EMOCIONAL POR PARTE DE SU PAREJA EN LOS ÚLTIMOS 12 MESES POR GRUPOS DE EDAD,INMUJERES,30-34 años,30-34 años,2016,992229.0
indicador3.xls,1,MUJERES DE 15 AÑOS Y MÁS CASADAS O UNIDAS QUE HAN SUFRIDO VIOLENCIA EMOCIONAL POR PARTE DE SU PAREJA EN LOS ÚLTIMOS 12 MESES POR GRUPOS DE EDAD,INMUJERES,35-39 años,35-39 años,2016,1007271.0
indicador3.xls,1,MUJERES DE 15 AÑOS Y MÁS CASADAS O UNIDAS QUE HAN SUFRIDO VIOLENCIA EMOCIONAL POR PARTE DE SU PAREJA EN LOS ÚLTIMOS 12 MESES POR GRUPOS DE EDAD,INMUJERES,40-44 años,40-44 años,2016,911272.0
indicador3.xls,1,MUJERES DE 15 AÑOS Y MÁS CASADAS O UNIDAS QUE HAN SUFRIDO VIOLENCIA EMOCIONAL POR PARTE DE SU PAREJA EN LOS ÚLTIMOS 12 MESES POR GRUPOS DE EDAD,INMUJERES,45-49 años,45-49 años,2016,736799.0
indicador3.xls,1,MUJERES DE 15 AÑOS Y MÁS CASADAS O UNIDAS QUE HAN SUFRIDO VIOLENCIA EMOCIONAL POR PARTE DE SU PAREJA EN LOS ÚLTIMOS 12 MESES POR GRUPOS DE EDAD,INMUJERES,50 y más años,50 y más años,2016,1766411.0
indicador3.xls,1,MUJERES DE 15 AÑOS Y MÁS CASADAS O UNIDAS QUE HAN SUFRIDO VIOLENCIA EMOCIONAL POR PARTE DE SU PAREJA EN LOS ÚLTIMOS 12 MESES POR GRUPOS DE EDAD,INMUJERES,No especificado,No especificado,2016,10210.0
indicador4.xls,1,MUJERES DE 15 AÑOS Y MÁS CASADAS O UNIDAS QUE HAN SUFRIDO VIOLENCIA FÍSICA POR PARTE DE SU PAREJA EN LOS ÚLTIMOS 12 MESES POR GRUPOS DE EDAD,INMUJERES,Total,Total,2016,2218384.0
indicador4.xls,1,MUJERES DE 15 AÑOS Y MÁS CASADAS O UNIDAS QUE HAN SUFRIDO VIOLENCIA FÍSICA POR PARTE DE SU PAREJA EN LOS ÚLTIMOS 12 MESES POR GRUPOS DE EDAD,INMUJERES,15-19 años,15-19 años,2016,98492.0
indicador4.xls,1,MUJERES DE 15 AÑOS Y MÁS CASADAS O UNIDAS QUE HAN SUFRIDO VIOLENCIA FÍSICA POR PARTE DE SU PAREJA EN LOS ÚLTIMOS 12 MESES POR GRUPOS DE EDAD,INMUJERES,20-24 años,20-24 años,2016,197129.0
indicador4.xls,1,MUJERES DE 15 AÑOS Y MÁS CASADAS O UNIDAS QUE HAN SUFRIDO VIOLENCIA FÍSICA POR PARTE DE SU PAREJA EN LOS ÚLTIMOS 12 MESES POR GRUPOS DE EDAD,INMUJERES,25-29 años,25-29 años,2016,273771.0
indicador4.xls,1,MUJERES DE 15 AÑOS Y MÁS CASADAS O UNIDAS QUE HAN SUFRIDO VIOLENCIA FÍSICA POR PARTE DE SU PAREJA EN LOS ÚLTIMOS 12 MESES POR GRUPOS DE EDAD,INMUJERES,30-34 años,30-34 años,2016,280678.0
indicador4.xls,1,MUJERES DE 15 AÑOS Y MÁS CASADAS O UNIDAS QUE HAN SUFRIDO VIOLENCIA FÍSICA POR PARTE DE SU PAREJA EN LOS ÚLTIMOS 12 MESES POR GRUPOS DE EDAD,INMUJERES,35-39 años,35-39 años,2016,297632.0
indicador4.xls,1,MUJERES DE 15 AÑOS Y MÁS CASADAS O UNIDAS QUE HAN SUFRIDO VIOLENCIA FÍSICA POR PARTE DE SU PAREJA EN LOS ÚLTIMOS 12 MESES POR GRUPOS DE EDAD,INMUJERES,40-44 años,40-44 años,2016,267422.0
indicador4.xls,1,MUJERES DE 15 AÑOS Y MÁS CASADAS O UNIDAS QUE HAN SUFRIDO VIOLENCIA FÍSICA POR PARTE DE SU PAREJA EN LOS ÚLTIMOS 12 MESES POR GRUPOS DE EDAD,INMUJERES,45-49 años,45-49 años,2016,225526.0
indicador4.xls,1,MUJERES DE 15 AÑOS Y MÁS CASADAS O UNIDAS QUE HAN SUFRIDO VIOLENCIA FÍSICA POR PARTE DE SU PAREJA EN LOS ÚLTIMOS 12 MESES POR GRUPOS DE EDAD,INMUJERES,50 y más años,50 y más años,2016,575642.0
indicador4.xls,1,MUJERES DE 15 AÑOS Y MÁS CASADAS O UNIDAS QUE HAN SUFRIDO VIOLENCIA FÍSICA POR PARTE DE SU PAREJA EN LOS ÚLTIMOS 12 MESES POR GRUPOS DE EDAD,INMUJERES,No especificado,No especificado,2016,2092.0
indicador5.xls,1,MUJERES DE 15 AÑOS Y MÁS CASADAS O UNIDAS QUE HAN SUFRIDO VIOLENCIA SEXUAL POR PARTE DE SU PAREJA EN LOS ÚLTIMOS 12 MESES POR GRUPOS DE EDAD,INMUJERES,Total,Total,2016,611192.0
indicador5.xls,1,MUJERES DE 15 AÑOS Y MÁS CASADAS O UNIDAS QUE HAN SUFRIDO VIOLENCIA SEXUAL POR PARTE DE SU PAREJA EN LOS ÚLTIMOS 12 MESES POR GRUPOS DE EDAD,INMUJERES,15-19 años,15-19 años,2016,21191.0
indicador5.xls,1,MUJERES DE 15 AÑOS Y MÁS CASADAS O UNIDAS QUE HAN SUFRIDO VIOLENCIA SEXUAL POR PARTE DE SU PAREJA EN LOS ÚLTIMOS 12 MESES POR GRUPOS DE EDAD,INMUJERES,20-24 años,20-24 años,2016,47081.0
indicador5.xls,1,MUJERES DE 15 AÑOS Y MÁS CASADAS O UNIDAS QUE HAN SUFRIDO VIOLENCIA SEXUAL POR PARTE DE SU PAREJA EN LOS ÚLTIMOS 12 MESES POR GRUPOS DE EDAD,INMUJERES,25-29 años,25-29 años,2016,68124.0
indicador5.xls,1,MUJERES DE 15 AÑOS Y MÁS CASADAS O UNIDAS QUE HAN SUFRIDO VIOLENCIA SEXUAL POR PARTE DE SU PAREJA EN LOS ÚLTIMOS 12 MESES POR GRUPOS DE EDAD,INMUJERES,30-34 años,30-34 años,2016,82700.0
indicador5.xls,1,MUJERES DE 15 AÑOS Y MÁS CASADAS O UNIDAS QUE HAN SUFRIDO VIOLENCIA SEXUAL POR PARTE DE SU PAREJA EN LOS ÚLTIMOS 12 MESES POR GRUPOS DE EDAD,INMUJERES,35-39 años,35-39 años,2016,94745.0
indicador5.xls,1,MUJERES DE 15 AÑOS Y MÁS CASADAS O UNIDAS QUE HAN SUFRIDO VIOLENCIA SEXUAL POR PARTE DE SU PAREJA EN LOS ÚLTIMOS 12 MESES POR GRUPOS DE EDAD,INMUJERES,40-44 años,40-44 años,2016,83558.0
indicador5.xls,1,MUJERES DE 15 AÑOS Y MÁS CASADAS O UNIDAS QUE HAN SUFRIDO VIOLENCIA SEXUAL POR PARTE DE SU PAREJA EN LOS ÚLTIMOS 12 MESES POR GRUPOS DE EDAD,INMUJERES,45-49 años,45-49 años,2016,78269.0
indicador5.xls,1,MUJERES DE 15 AÑOS Y MÁS CASADAS O UNIDAS QUE HAN SUFRIDO VIOLENCIA SEXUAL POR PARTE DE SU PAREJA EN LOS ÚLTIMOS 12 MESES POR GRUPOS DE EDAD,INMUJERES,50 y más años,50 y más años,2016,134701.0
indicador5.xls,1,MUJERES DE 15 AÑOS Y MÁS CASADAS O UNIDAS QUE HAN SUFRIDO VIOLENCIA SEXUAL POR PARTE DE SU PAREJA EN LOS ÚLTIMOS 12 MESES POR GRUPOS DE EDAD,INMUJERES,No especificado,No especificado,2016,823.0
indicador6.xls,1,MUJERES DE 15 AÑOS Y MÁS QUE HAN SUFRIDO ALGÚN INCIDENTE DE VIOLENCIA POR TIPO SEGÚN ÁMBITO,INMUJERES,Emocional,Total,2016,14434789.0
indicador6.xls,1,MUJERES DE 15 AÑOS Y MÁS QUE HAN SUFRIDO ALGÚN INCIDENTE DE VIOLENCIA POR TIPO SEGÚN ÁMBITO,INMUJERES,nan,Escolar,2016,587296.0
indicador6.xls,1,MUJERES DE 15 AÑOS Y MÁS QUE HAN SUFRIDO ALGÚN INCIDENTE DE VIOLENCIA POR TIPO SEGÚN ÁMBITO,INMUJERES,nan,Laboral,2016,1313893.0
indicador6.xls,1,MUJERES DE 15 AÑOS Y MÁS QUE HAN SUFRIDO ALGÚN INCIDENTE DE VIOLENCIA POR TIPO SEGÚN ÁMBITO,INMUJERES,nan,Comunitaria,2016,3633425.0
indicador6.xls,1,MUJERES DE 15 AÑOS Y MÁS QUE HAN SUFRIDO ALGÚN INCIDENTE DE VIOLENCIA POR TIPO SEGÚN ÁMBITO,INMUJERES,nan,Familiar,2016,3782923.0
indicador6.xls,1,MUJERES DE 15 AÑOS Y MÁS QUE HAN SUFRIDO ALGÚN INCIDENTE DE VIOLENCIA POR TIPO SEGÚN ÁMBITO,INMUJERES,nan,Pareja,2016,10070034.0
indicador6.xls,1,MUJERES DE 15 AÑOS Y MÁS QUE HAN SUFRIDO ALGÚN INCIDENTE DE VIOLENCIA POR TIPO SEGÚN ÁMBITO,INMUJERES,Económica,Total,2016,8149003.0
indicador6.xls,1,MUJERES DE 15 AÑOS Y MÁS QUE HAN SUFRIDO ALGÚN INCIDENTE DE VIOLENCIA POR TIPO SEGÚN ÁMBITO,INMUJERES,nan,Laboral,2016,3498897.0
indicador6.xls,1,MUJERES DE 15 AÑOS Y MÁS QUE HAN SUFRIDO ALGÚN INCIDENTE DE VIOLENCIA POR TIPO SEGÚN ÁMBITO,INMUJERES,nan,Familiar,2016,1439366.0
indicador6.xls,1,MUJERES DE 15 AÑOS Y MÁS QUE HAN SUFRIDO ALGÚN INCIDENTE DE VIOLENCIA POR TIPO SEGÚN ÁMBITO,INMUJERES,nan,Pareja,2016,4368103.0
indicador6.xls,1,MUJERES DE 15 AÑOS Y MÁS QUE HAN SUFRIDO ALGÚN INCIDENTE DE VIOLENCIA POR TIPO SEGÚN ÁMBITO,INMUJERES,Física,Total,2016,5935920.0
indicador6.xls,1,MUJERES DE 15 AÑOS Y MÁS QUE HAN SUFRIDO ALGÚN INCIDENTE DE VIOLENCIA POR TIPO SEGÚN ÁMBITO,INMUJERES,nan,Escolar,2016,475466.0
indicador6.xls,1,MUJERES DE 15 AÑOS Y MÁS QUE HAN SUFRIDO ALGÚN INCIDENTE DE VIOLENCIA POR TIPO SEGÚN ÁMBITO,INMUJERES,nan,Laboral,2016,155479.0
indicador6.xls,1,MUJERES DE 15 AÑOS Y MÁS QUE HAN SUFRIDO ALGÚN INCIDENTE DE VIOLENCIA POR TIPO SEGÚN ÁMBITO,INMUJERES,nan,Comunitaria,2016,2105709.0
indicador6.xls,1,MUJERES DE 15 AÑOS Y MÁS QUE HAN SUFRIDO ALGÚN INCIDENTE DE VIOLENCIA POR TIPO SEGÚN ÁMBITO,INMUJERES,nan,Familiar,2016,1312240.0
indicador6.xls,1,MUJERES DE 15 AÑOS Y MÁS QUE HAN SUFRIDO ALGÚN INCIDENTE DE VIOLENCIA POR TIPO SEGÚN ÁMBITO,INMUJERES,nan,Pareja,2016,2819534.0
indicador6.xls,1,MUJERES DE 15 AÑOS Y MÁS QUE HAN SUFRIDO ALGÚN INCIDENTE DE VIOLENCIA POR TIPO SEGÚN ÁMBITO,INMUJERES,Sexual,Total,2016,10807941.0
indicador6.xls,1,MUJERES DE 15 AÑOS Y MÁS QUE HAN SUFRIDO ALGÚN INCIDENTE DE VIOLENCIA POR TIPO SEGÚN ÁMBITO,INMUJERES,nan,Escolar,2016,810793.0
indicador6.xls,1,MUJERES DE 15 AÑOS Y MÁS QUE HAN SUFRIDO ALGÚN INCIDENTE DE VIOLENCIA POR TIPO SEGÚN ÁMBITO,INMUJERES,nan,Laboral,2016,1317959.0
indicador6.xls,1,MUJERES DE 15 AÑOS Y MÁS QUE HAN SUFRIDO ALGÚN INCIDENTE DE VIOLENCIA POR TIPO SEGÚN ÁMBITO,INMUJERES,nan,Comunitaria,2016,9399160.0
indicador6.xls,1,MUJERES DE 15 AÑOS Y MÁS QUE HAN SUFRIDO ALGÚN INCIDENTE DE VIOLENCIA POR TIPO SEGÚN ÁMBITO,INMUJERES,nan,Familiar,2016,528212.0
indicador6.xls,1,MUJERES DE 15 AÑOS Y MÁS QUE HAN SUFRIDO ALGÚN INCIDENTE DE VIOLENCIA POR TIPO SEGÚN ÁMBITO,INMUJERES,nan,Pareja,2016,902287.0
indicador7.xls,1,MUJERES DE 15 AÑOS Y MÁS QUE HAN SUFRIDO ALGÚN INCIDENTE DE VIOLENCIA EN CUALQUIER ÁMBITO A LO LARGO DE LA VIDA POR SITUACIÓN CONYUGAL,INMUJERES,Total,Total,2016,30751835.0
indicador7.xls,1,MUJERES DE 15 AÑOS Y MÁS QUE HAN SUFRIDO ALGÚN INCIDENTE DE VIOLENCIA EN CUALQUIER ÁMBITO A LO LARGO DE LA VIDA POR SITUACIÓN CONYUGAL,INMUJERES,Casadas o unidas,Casadas o unidas,2016,17055360.0
indicador7.xls,1,MUJERES DE 15 AÑOS Y MÁS QUE HAN SUFRIDO ALGÚN INCIDENTE DE VIOLENCIA EN CUALQUIER ÁMBITO A LO LARGO DE LA VIDA POR SITUACIÓN CONYUGAL,INMUJERES,"Divorciadas, separadas o viudas","Divorciadas, separadas o viudas",2016,6170736.0
indicador7.xls,1,MUJERES DE 15 AÑOS Y MÁS QUE HAN SUFRIDO ALGÚN INCIDENTE DE VIOLENCIA EN CUALQUIER ÁMBITO A LO LARGO DE LA VIDA POR SITUACIÓN CONYUGAL,INMUJERES,Solteras,Solteras,2016,7525739.0
indicador8.xls,1,MUJERES VÍCTIMAS DE VIOLENCIA ATENDIDAS EN REFUGIOS Y CENTROS DE JUSTICIA,INMUJERES,Nacional,Nacional,2016,224220.0
indicador9.xls,1,DENUNCIAS PRESENTADAS ANTE AGENCIAS DEL MINISTERIO PÚBLICO POR DELITOS DE GÉNERO,INMUJERES,Nacional,Nacional,2016,35278.0
indicador1.xls,1,MUJERES DE 15 AÑOS Y MÁS CASADAS O UNIDAS CON AL MENOS UN INCIDENTE DE VIOLENCIA POR PARTE DE SU PAREJA EN LOS ÚLTIMOS 12 MESES POR TIPO DE VIOLENCIA Y TAMAÑO DE LOCALIDAD,INMUJERES,Total,Total,2021,7078704.0
indicador1.xls,1,MUJERES DE 15 AÑOS Y MÁS CASADAS O UNIDAS CON AL MENOS UN INCIDENTE DE VIOLENCIA POR PARTE DE SU PAREJA EN LOS ÚLTIMOS 12 MESES POR TIPO DE VIOLENCIA Y TAMAÑO DE LOCALIDAD,INMUJERES,nan,Rural,2021,1765517.0
indicador1.xls,1,MUJERES DE 15 AÑOS Y MÁS CASADAS O UNIDAS CON AL MENOS UN INCIDENTE DE VIOLENCIA POR PARTE DE SU PAREJA EN LOS ÚLTIMOS 12 MESES POR TIPO DE VIOLENCIA Y TAMAÑO DE LOCALIDAD,INMUJERES,nan,Urbana,2021,5313187.0
indicador1.xls,1,MUJERES DE 15 AÑOS Y MÁS CASADAS O UNIDAS CON AL MENOS UN INCIDENTE DE VIOLENCIA POR PARTE DE SU PAREJA EN LOS ÚLTIMOS 12 MESES POR TIPO DE VIOLENCIA Y TAMAÑO DE LOCALIDAD,INMUJERES,Emocional,Total,2021,6242312.0
indicador1.xls,1,MUJERES DE 15 AÑOS Y MÁS CASADAS O UNIDAS CON AL MENOS UN INCIDENTE DE VIOLENCIA POR PARTE DE SU PAREJA EN LOS ÚLTIMOS 12 MESES POR TIPO DE VIOLENCIA Y TAMAÑO DE LOCALIDAD,INMUJERES,nan,Rural,2021,1536910.0
indicador1.xls,1,MUJERES DE 15 AÑOS Y MÁS CASADAS O UNIDAS CON AL MENOS UN INCIDENTE DE VIOLENCIA POR PARTE DE SU PAREJA EN LOS ÚLTIMOS 12 MESES POR TIPO DE VIOLENCIA Y TAMAÑO DE LOCALIDAD,INMUJERES,nan,Urbana,2021,4705402.0
indicador1.xls,1,MUJERES DE 15 AÑOS Y MÁS CASADAS O UNIDAS CON AL MENOS UN INCIDENTE DE VIOLENCIA POR PARTE DE SU PAREJA EN LOS ÚLTIMOS 12 MESES POR TIPO DE VIOLENCIA Y TAMAÑO DE LOCALIDAD,INMUJERES,Económica,Total,2021,3102300.0
indicador1.xls,1,MUJERES DE 15 AÑOS Y MÁS CASADAS O UNIDAS CON AL MENOS UN INCIDENTE DE VIOLENCIA POR PARTE DE SU PAREJA EN LOS ÚLTIMOS 12 MESES POR TIPO DE VIOLENCIA Y TAMAÑO DE LOCALIDAD,INMUJERES,nan,Rural,2021,769333.0
indicador1.xls,1,MUJERES DE 15 AÑOS Y MÁS CASADAS O UNIDAS CON AL MENOS UN INCIDENTE DE VIOLENCIA POR PARTE DE SU PAREJA EN LOS ÚLTIMOS 12 MESES POR TIPO DE VIOLENCIA Y TAMAÑO DE LOCALIDAD,INMUJERES,nan,Urbana,2021,2332967.0
indicador1.xls,1,MUJERES DE 15 AÑOS Y MÁS CASADAS O UNIDAS CON AL MENOS UN INCIDENTE DE VIOLENCIA POR PARTE DE SU PAREJA EN LOS ÚLTIMOS 12 MESES POR TIPO DE VIOLENCIA Y TAMAÑO DE LOCALIDAD,INMUJERES,Física,Total,2021,1858790.0
indicador1.xls,1,MUJERES DE 15 AÑOS Y MÁS CASADAS O UNIDAS CON AL MENOS UN INCIDENTE DE VIOLENCIA POR PARTE DE SU PAREJA EN LOS ÚLTIMOS 12 MESES POR TIPO DE VIOLENCIA Y TAMAÑO DE LOCALIDAD,INMUJERES,nan,Rural,2021,551144.0
indicador1.xls,1,MUJERES DE 15 AÑOS Y MÁS CASADAS O UNIDAS CON AL MENOS UN INCIDENTE DE VIOLENCIA POR PARTE DE SU PAREJA EN LOS ÚLTIMOS 12 MESES POR TIPO DE VIOLENCIA Y TAMAÑO DE LOCALIDAD,INMUJERES,nan,Urbana,2021,1307646.0
indicador1.xls,1,MUJERES DE 15 AÑOS Y MÁS CASADAS O UNIDAS CON AL MENOS UN INCIDENTE DE VIOLENCIA POR PARTE DE SU PAREJA EN LOS ÚLTIMOS 12 MESES POR TIPO DE VIOLENCIA Y TAMAÑO DE LOCALIDAD,INMUJERES,Sexual,Total,2021,577663.0
indicador1.xls,1,MUJERES DE 15 AÑOS Y MÁS CASADAS O UNIDAS CON AL MENOS UN INCIDENTE DE VIOLENCIA POR PARTE DE SU PAREJA EN LOS ÚLTIMOS 12 MESES POR TIPO DE VIOLENCIA Y TAMAÑO DE LOCALIDAD,INMUJERES,nan,Rural,2021,153931.0
indicador1.xls,1,MUJERES DE 15 AÑOS Y MÁS CASADAS O UNIDAS CON AL MENOS UN INCIDENTE DE VIOLENCIA POR PARTE DE SU PAREJA EN LOS ÚLTIMOS 12 MESES POR TIPO DE VIOLENCIA Y TAMAÑO DE LOCALIDAD,INMUJERES,nan,Urbana,2021,423732.0
indicador10.xls,1,PRESUNTOS DELITOS DE VIOLACIÓN,INMUJERES,Total,Total,2021,21189.0
indicador10.xls,1,PRESUNTOS DELITOS DE VIOLACIÓN,INMUJERES,Violación simple,Violación simple,2021,15213.0
indicador10.xls,1,PRESUNTOS DELITOS DE VIOLACIÓN,INMUJERES,Violación equiparada,Violación equiparada,2021,5976.0
indicador2.xls,1,MUJERES DE 15 AÑOS Y MÁS CASADAS O UNIDAS QUE HAN SUFRIDO VIOLENCIA ECONÓMICA POR PARTE DE SU PAREJA EN LOS ÚLTIMOS 12 MESES POR GRUPOS DE EDAD,INMUJERES,Total,Total,2021,3102300.0
indicador2.xls,1,MUJERES DE 15 AÑOS Y MÁS CASADAS O UNIDAS QUE HAN SUFRIDO VIOLENCIA ECONÓMICA POR PARTE DE SU PAREJA EN LOS ÚLTIMOS 12 MESES POR GRUPOS DE EDAD,INMUJERES,15-19 años,15-19 años,2021,76354.0
indicador2.xls,1,MUJERES DE 15 AÑOS Y MÁS CASADAS O UNIDAS QUE HAN SUFRIDO VIOLENCIA ECONÓMICA POR PARTE DE SU PAREJA EN LOS ÚLTIMOS 12 MESES POR GRUPOS DE EDAD,INMUJERES,20-24 años,20-24 años,2021,246610.0
indicador2.xls,1,MUJERES DE 15 AÑOS Y MÁS CASADAS O UNIDAS QUE HAN SUFRIDO VIOLENCIA ECONÓMICA POR PARTE DE SU PAREJA EN LOS ÚLTIMOS 12 MESES POR GRUPOS DE EDAD,INMUJERES,25-29 años,25-29 años,2021,370593.0
indicador2.xls,1,MUJERES DE 15 AÑOS Y MÁS CASADAS O UNIDAS QUE HAN SUFRIDO VIOLENCIA ECONÓMICA POR PARTE DE SU PAREJA EN LOS ÚLTIMOS 12 MESES POR GRUPOS DE EDAD,INMUJERES,30-34 años,30-34 años,2021,374038.0
indicador2.xls,1,MUJERES DE 15 AÑOS Y MÁS CASADAS O UNIDAS QUE HAN SUFRIDO VIOLENCIA ECONÓMICA POR PARTE DE SU PAREJA EN LOS ÚLTIMOS 12 MESES POR GRUPOS DE EDAD,INMUJERES,35-39 años,35-39 años,2021,396813.0
indicador2.xls,1,MUJERES DE 15 AÑOS Y MÁS CASADAS O UNIDAS QUE HAN SUFRIDO VIOLENCIA ECONÓMICA POR PARTE DE SU PAREJA EN LOS ÚLTIMOS 12 MESES POR GRUPOS DE EDAD,INMUJERES,40-44 años,40-44 años,2021,366323.0
indicador2.xls,1,MUJERES DE 15 AÑOS Y MÁS CASADAS O UNIDAS QUE HAN SUFRIDO VIOLENCIA ECONÓMICA POR PARTE DE SU PAREJA EN LOS ÚLTIMOS 12 MESES POR GRUPOS DE EDAD,INMUJERES,45-49 años,45-49 años,2021,376769.0
indicador2.xls,1,MUJERES DE 15 AÑOS Y MÁS CASADAS O UNIDAS QUE HAN SUFRIDO VIOLENCIA ECONÓMICA POR PARTE DE SU PAREJA EN LOS ÚLTIMOS 12 MESES POR GRUPOS DE EDAD,INMUJERES,50 y más años,50 y más años,2021,894039.0
indicador2.xls,1,MUJERES DE 15 AÑOS Y MÁS CASADAS O UNIDAS QUE HAN SUFRIDO VIOLENCIA ECONÓMICA POR PARTE DE SU PAREJA EN LOS ÚLTIMOS 12 MESES POR GRUPOS DE EDAD,INMUJERES,No especificado,No especificado,2021,761.0
indicador3.xls,1,MUJERES DE 15 AÑOS Y MÁS CASADAS O UNIDAS QUE HAN SUFRIDO VIOLENCIA EMOCIONAL POR PARTE DE SU PAREJA EN LOS ÚLTIMOS 12 MESES POR GRUPOS DE EDAD,INMUJERES,Total,Total,2021,6242312.0
indicador3.xls,1,MUJERES DE 15 AÑOS Y MÁS CASADAS O UNIDAS QUE HAN SUFRIDO VIOLENCIA EMOCIONAL POR PARTE DE SU PAREJA EN LOS ÚLTIMOS 12 MESES POR GRUPOS DE EDAD,INMUJERES,15-19 años,15-19 años,2021,168296.0
indicador3.xls,1,MUJERES DE 15 AÑOS Y MÁS CASADAS O UNIDAS QUE HAN SUFRIDO VIOLENCIA EMOCIONAL POR PARTE DE SU PAREJA EN LOS ÚLTIMOS 12 MESES POR GRUPOS DE EDAD,INMUJERES,20-24 años,20-24 años,2021,529880.0
indicador3.xls,1,MUJERES DE 15 AÑOS Y MÁS CASADAS O UNIDAS QUE HAN SUFRIDO VIOLENCIA EMOCIONAL POR PARTE DE SU PAREJA EN LOS ÚLTIMOS 12 MESES POR GRUPOS DE EDAD,INMUJERES,25-29 años,25-29 años,2021,762581.0
indicador3.xls,1,MUJERES DE 15 AÑOS Y MÁS CASADAS O UNIDAS QUE HAN SUFRIDO VIOLENCIA EMOCIONAL POR PARTE DE SU PAREJA EN LOS ÚLTIMOS 12 MESES POR GRUPOS DE EDAD,INMUJERES,30-34 años,30-34 años,2021,754251.0
indicador3.xls,1,MUJERES DE 15 AÑOS Y MÁS CASADAS O UNIDAS QUE HAN SUFRIDO VIOLENCIA EMOCIONAL POR PARTE DE SU PAREJA EN LOS ÚLTIMOS 12 MESES POR GRUPOS DE EDAD,INMUJERES,35-39 años,35-39 años,2021,782808.0
indicador3.xls,1,MUJERES DE 15 AÑOS Y MÁS CASADAS O UNIDAS QUE HAN SUFRIDO VIOLENCIA EMOCIONAL POR PARTE DE SU PAREJA EN LOS ÚLTIMOS 12 MESES POR GRUPOS DE EDAD,INMUJERES,40-44 años,40-44 años,2021,742342.0
indicador3.xls,1,MUJERES DE 15 AÑOS Y MÁS CASADAS O UNIDAS QUE HAN SUFRIDO VIOLENCIA EMOCIONAL POR PARTE DE SU PAREJA EN LOS ÚLTIMOS 12 MESES POR GRUPOS DE EDAD,INMUJERES,45-49 años,45-49 años,2021,682947.0
indicador3.xls,1,MUJERES DE 15 AÑOS Y MÁS CASADAS O UNIDAS QUE HAN SUFRIDO VIOLENCIA EMOCIONAL POR PARTE DE SU PAREJA EN LOS ÚLTIMOS 12 MESES POR GRUPOS DE EDAD,INMUJERES,50 y más años,50 y más años,2021,1815765.0
indicador3.xls,1,MUJERES DE 15 AÑOS Y MÁS CASADAS O UNIDAS QUE HAN SUFRIDO VIOLENCIA EMOCIONAL POR PARTE DE SU PAREJA EN LOS ÚLTIMOS 12 MESES POR GRUPOS DE EDAD,INMUJERES,No especificado,No especificado,2021,3442.0
indicador4.xls,1,MUJERES DE 15 AÑOS Y MÁS CASADAS O UNIDAS QUE HAN SUFRIDO VIOLENCIA FÍSICA POR PARTE DE SU PAREJA EN LOS ÚLTIMOS 12 MESES POR GRUPOS DE EDAD,INMUJERES,Total,Total,2021,1858790.0
indicador4.xls,1,MUJERES DE 15 AÑOS Y MÁS CASADAS O UNIDAS QUE HAN SUFRIDO VIOLENCIA FÍSICA POR PARTE DE SU PAREJA EN LOS ÚLTIMOS 12 MESES POR GRUPOS DE EDAD,INMUJERES,15-19 años,15-19 años,2021,45418.0
indicador4.xls,1,MUJERES DE 15 AÑOS Y MÁS CASADAS O UNIDAS QUE HAN SUFRIDO VIOLENCIA FÍSICA POR PARTE DE SU PAREJA EN LOS ÚLTIMOS 12 MESES POR GRUPOS DE EDAD,INMUJERES,20-24 años,20-24 años,2021,152013.0
indicador4.xls,1,MUJERES DE 15 AÑOS Y MÁS CASADAS O UNIDAS QUE HAN SUFRIDO VIOLENCIA FÍSICA POR PARTE DE SU PAREJA EN LOS ÚLTIMOS 12 MESES POR GRUPOS DE EDAD,INMUJERES,25-29 años,25-29 años,2021,224714.0
indicador4.xls,1,MUJERES DE 15 AÑOS Y MÁS CASADAS O UNIDAS QUE HAN SUFRIDO VIOLENCIA FÍSICA POR PARTE DE SU PAREJA EN LOS ÚLTIMOS 12 MESES POR GRUPOS DE EDAD,INMUJERES,30-34 años,30-34 años,2021,192133.0
indicador4.xls,1,MUJERES DE 15 AÑOS Y MÁS CASADAS O UNIDAS QUE HAN SUFRIDO VIOLENCIA FÍSICA POR PARTE DE SU PAREJA EN LOS ÚLTIMOS 12 MESES POR GRUPOS DE EDAD,INMUJERES,35-39 años,35-39 años,2021,226195.0
indicador4.xls,1,MUJERES DE 15 AÑOS Y MÁS CASADAS O UNIDAS QUE HAN SUFRIDO VIOLENCIA FÍSICA POR PARTE DE SU PAREJA EN LOS ÚLTIMOS 12 MESES POR GRUPOS DE EDAD,INMUJERES,40-44 años,40-44 años,2021,207536.0
indicador4.xls,1,MUJERES DE 15 AÑOS Y MÁS CASADAS O UNIDAS QUE HAN SUFRIDO VIOLENCIA FÍSICA POR PARTE DE SU PAREJA EN LOS ÚLTIMOS 12 MESES POR GRUPOS DE EDAD,INMUJERES,45-49 años,45-49 años,2021,201587.0
indicador4.xls,1,MUJERES DE 15 AÑOS Y MÁS CASADAS O UNIDAS QUE HAN SUFRIDO VIOLENCIA FÍSICA POR PARTE DE SU PAREJA EN LOS ÚLTIMOS 12 MESES POR GRUPOS DE EDAD,INMUJERES,50 y más años,50 y más años,2021,607848.0
indicador4.xls,1,MUJERES DE 15 AÑOS Y MÁS CASADAS O UNIDAS QUE HAN SUFRIDO VIOLENCIA FÍSICA POR PARTE DE SU PAREJA EN LOS ÚLTIMOS 12 MESES POR GRUPOS DE EDAD,INMUJERES,No especificado,No especificado,2021,1346.0
indicador5.xls,1,MUJERES DE 15 AÑOS Y MÁS CASADAS O UNIDAS QUE HAN SUFRIDO VIOLENCIA SEXUAL POR PARTE DE SU PAREJA EN LOS ÚLTIMOS 12 MESES POR GRUPOS DE EDAD,INMUJERES,Total,Total,2021,577663.0
indicador5.xls,1,MUJERES DE 15 AÑOS Y MÁS CASADAS O UNIDAS QUE HAN SUFRIDO VIOLENCIA SEXUAL POR PARTE DE SU PAREJA EN LOS ÚLTIMOS 12 MESES POR GRUPOS DE EDAD,INMUJERES,15-19 años,15-19 años,2021,9838.0
indicador5.xls,1,MUJERES DE 15 AÑOS Y MÁS CASADAS O UNIDAS QUE HAN SUFRIDO VIOLENCIA SEXUAL POR PARTE DE SU PAREJA EN LOS ÚLTIMOS 12 MESES POR GRUPOS DE EDAD,INMUJERES,20-24 años,20-24 años,2021,32610.0
indicador5.xls,1,MUJERES DE 15 AÑOS Y MÁS CASADAS O UNIDAS QUE HAN SUFRIDO VIOLENCIA SEXUAL POR PARTE DE SU PAREJA EN LOS ÚLTIMOS 12 MESES POR GRUPOS DE EDAD,INMUJERES,25-29 años,25-29 años,2021,67456.0
indicador5.xls,1,MUJERES DE 15 AÑOS Y MÁS CASADAS O UNIDAS QUE HAN SUFRIDO VIOLENCIA SEXUAL POR PARTE DE SU PAREJA EN LOS ÚLTIMOS 12 MESES POR GRUPOS DE EDAD,INMUJERES,30-34 años,30-34 años,2021,63463.0
indicador5.xls,1,MUJERES DE 15 AÑOS Y MÁS CASADAS O UNIDAS QUE HAN SUFRIDO VIOLENCIA SEXUAL POR PARTE DE SU PAREJA EN LOS ÚLTIMOS 12 MESES POR GRUPOS DE EDAD,INMUJERES,35-39 años,35-39 años,2021,82947.0
indicador5.xls,1,MUJERES DE 15 AÑOS Y MÁS CASADAS O UNIDAS QUE HAN SUFRIDO VIOLENCIA SEXUAL POR PARTE DE SU PAREJA EN LOS ÚLTIMOS 12 MESES POR GRUPOS DE EDAD,INMUJERES,40-44 años,40-44 años,2021,92619.0
indicador5.xls,1,MUJERES DE 15 AÑOS Y MÁS CASADAS O UNIDAS QUE HAN SUFRIDO VIOLENCIA SEXUAL POR PARTE DE SU PAREJA EN LOS ÚLTIMOS 12 MESES POR GRUPOS DE EDAD,INMUJERES,45-49 años,45-49 años,2021,76628.0
indicador5.xls,1,MUJERES DE 15 AÑOS Y MÁS CASADAS O UNIDAS QUE HAN SUFRIDO VIOLENCIA SEXUAL POR PARTE DE SU PAREJA EN LOS ÚLTIMOS 12 MESES POR GRUPOS DE EDAD,INMUJERES,50 y más años,50 y más años,2021,152102.0
indicador5.xls,1,MUJERES DE 15 AÑOS Y MÁS CASADAS O UNIDAS QUE HAN SUFRIDO VIOLENCIA SEXUAL POR PARTE DE SU PAREJA EN LOS ÚLTIMOS 12 MESES POR GRUPOS DE EDAD,INMUJERES,No especificado,No especificado,2021,0.0
indicador6.xls,1,MUJERES DE 15 AÑOS Y MÁS QUE HAN SUFRIDO ALGÚN INCIDENTE DE VIOLENCIA POR TIPO SEGÚN ÁMBITO,INMUJERES,Emocional,Total,2021,14833390.0
indicador6.xls,1,MUJERES DE 15 AÑOS Y MÁS QUE HAN SUFRIDO ALGÚN INCIDENTE DE VIOLENCIA POR TIPO SEGÚN ÁMBITO,INMUJERES,nan,Escolar,2021,830097.0
indicador6.xls,1,MUJERES DE 15 AÑOS Y MÁS QUE HAN SUFRIDO ALGÚN INCIDENTE DE VIOLENCIA POR TIPO SEGÚN ÁMBITO,INMUJERES,nan,Laboral,2021,1577881.0
indicador6.xls,1,MUJERES DE 15 AÑOS Y MÁS QUE HAN SUFRIDO ALGÚN INCIDENTE DE VIOLENCIA POR TIPO SEGÚN ÁMBITO,INMUJERES,nan,Comunitaria,2021,4663778.0
indicador6.xls,1,MUJERES DE 15 AÑOS Y MÁS QUE HAN SUFRIDO ALGÚN INCIDENTE DE VIOLENCIA POR TIPO SEGÚN ÁMBITO,INMUJERES,nan,Familiar,2021,4630580.0
indicador6.xls,1,MUJERES DE 15 AÑOS Y MÁS QUE HAN SUFRIDO ALGÚN INCIDENTE DE VIOLENCIA POR TIPO SEGÚN ÁMBITO,INMUJERES,nan,Pareja,2021,8700632.0
indicador6.xls,1,MUJERES DE 15 AÑOS Y MÁS QUE HAN SUFRIDO ALGÚN INCIDENTE DE VIOLENCIA POR TIPO SEGÚN ÁMBITO,INMUJERES,Económica,Total,2021,8191726.0
indicador6.xls,1,MUJERES DE 15 AÑOS Y MÁS QUE HAN SUFRIDO ALGÚN INCIDENTE DE VIOLENCIA POR TIPO SEGÚN ÁMBITO,INMUJERES,nan,Laboral,2021,3860473.0
indicador6.xls,1,MUJERES DE 15 AÑOS Y MÁS QUE HAN SUFRIDO ALGÚN INCIDENTE DE VIOLENCIA POR TIPO SEGÚN ÁMBITO,INMUJERES,nan,Familiar,2021,1560286.0
indicador6.xls,1,MUJERES DE 15 AÑOS Y MÁS QUE HAN SUFRIDO ALGÚN INCIDENTE DE VIOLENCIA POR TIPO SEGÚN ÁMBITO,INMUJERES,nan,Pareja,2021,3819422.0
indicador6.xls,1,MUJERES DE 15 AÑOS Y MÁS QUE HAN SUFRIDO ALGÚN INCIDENTE DE VIOLENCIA POR TIPO SEGÚN ÁMBITO,INMUJERES,Física,Total,2021,5170679.0
indicador6.xls,1,MUJERES DE 15 AÑOS Y MÁS QUE HAN SUFRIDO ALGÚN INCIDENTE DE VIOLENCIA POR TIPO SEGÚN ÁMBITO,INMUJERES,nan,Escolar,2021,318481.0
indicador6.xls,1,MUJERES DE 15 AÑOS Y MÁS QUE HAN SUFRIDO ALGÚN INCIDENTE DE VIOLENCIA POR TIPO SEGÚN ÁMBITO,INMUJERES,nan,Laboral,2021,176995.0
indicador6.xls,1,MUJERES DE 15 AÑOS Y MÁS QUE HAN SUFRIDO ALGÚN INCIDENTE DE VIOLENCIA POR TIPO SEGÚN ÁMBITO,INMUJERES,nan,Comunitaria,2021,1468754.0
indicador6.xls,1,MUJERES DE 15 AÑOS Y MÁS QUE HAN SUFRIDO ALGÚN INCIDENTE DE VIOLENCIA POR TIPO SEGÚN ÁMBITO,INMUJERES,nan,Familiar,2021,1497256.0
indicador6.xls,1,MUJERES DE 15 AÑOS Y MÁS QUE HAN SUFRIDO ALGÚN INCIDENTE DE VIOLENCIA POR TIPO SEGÚN ÁMBITO,INMUJERES,nan,Pareja,2021,2471725.0
indicador6.xls,1,MUJERES DE 15 AÑOS Y MÁS QUE HAN SUFRIDO ALGÚN INCIDENTE DE VIOLENCIA POR TIPO SEGÚN ÁMBITO,INMUJERES,Sexual,Total,2021,11747154.0
indicador6.xls,1,MUJERES DE 15 AÑOS Y MÁS QUE HAN SUFRIDO ALGÚN INCIDENTE DE VIOLENCIA POR TIPO SEGÚN ÁMBITO,INMUJERES,nan,Escolar,2021,947279.0
indicador6.xls,1,MUJERES DE 15 AÑOS Y MÁS QUE HAN SUFRIDO ALGÚN INCIDENTE DE VIOLENCIA POR TIPO SEGÚN ÁMBITO,INMUJERES,nan,Laboral,2021,1807981.0
indicador6.xls,1,MUJERES DE 15 AÑOS Y MÁS QUE HAN SUFRIDO ALGÚN INCIDENTE DE VIOLENCIA POR TIPO SEGÚN ÁMBITO,INMUJERES,nan,Comunitaria,2021,10181558.0
indicador6.xls,1,MUJERES DE 15 AÑOS Y MÁS QUE HAN SUFRIDO ALGÚN INCIDENTE DE VIOLENCIA POR TIPO SEGÚN ÁMBITO,INMUJERES,nan,Familiar,2021,834532.0
indicador6.xls,1,MUJERES DE 15 AÑOS Y MÁS QUE HAN SUFRIDO ALGÚN INCIDENTE DE VIOLENCIA POR TIPO SEGÚN ÁMBITO,INMUJERES,nan,Pareja,2021,975704.0
indicador7.xls,1,MUJERES DE 15 AÑOS Y MÁS QUE HAN SUFRIDO ALGÚN INCIDENTE DE VIOLENCIA EN CUALQUIER ÁMBITO A LO LARGO DE LA VIDA POR SITUACIÓN CONYUGAL,INMUJERES,Total,Total,2021,35402979.0
indicador7.xls,1,MUJERES DE 15 AÑOS Y MÁS QUE HAN SUFRIDO ALGÚN INCIDENTE DE VIOLENCIA EN CUALQUIER ÁMBITO A LO LARGO DE LA VIDA POR SITUACIÓN CONYUGAL,INMUJERES,Casadas o unidas,Casadas o unidas,2021,18382653.0
indicador7.xls,1,MUJERES DE 15 AÑOS Y MÁS QUE HAN SUFRIDO ALGÚN INCIDENTE DE VIOLENCIA EN CUALQUIER ÁMBITO A LO LARGO DE LA VIDA POR SITUACIÓN CONYUGAL,INMUJERES,"Divorciadas, separadas o viudas","Divorciadas, separadas o viudas",2021,7735372.0
indicador7.xls,1,MUJERES DE 15 AÑOS Y MÁS QUE HAN SUFRIDO ALGÚN INCIDENTE DE VIOLENCIA EN CUALQUIER ÁMBITO A LO LARGO DE LA VIDA POR SITUACIÓN CONYUGAL,INMUJERES,Solteras,Solteras,2021,9284954.0
indicador8.xls,1,MUJERES VÍCTIMAS DE VIOLENCIA ATENDIDAS EN REFUGIOS Y CENTROS DE JUSTICIA,INMUJERES,Nacional,Nacional,2021,1157376.0
indicador9.xls,1,DENUNCIAS PRESENTADAS ANTE AGENCIAS DEL MINISTERIO PÚBLICO POR DELITOS DE GÉNERO,INMUJERES,Nacional,Nacional,2021,69521.0
indicador10.xls,1,PRESUNTOS DELITOS DE VIOLACIÓN,INMUJERES,Total,Total,2015,12619.0
indicador10.xls,1,PRESUNTOS DELITOS DE VIOLACIÓN,INMUJERES,Violación simple,Violación simple,2015,10538.0
indicador10.xls,1,PRESUNTOS DELITOS DE VIOLACIÓN,INMUJERES,Violación equiparada,Violación equiparada,2015,2081.0
indicador8.xls,1,MUJERES VÍCTIMAS DE VIOLENCIA ATENDIDAS EN REFUGIOS Y CENTROS DE JUSTICIA,INMUJERES,Nacional,Nacional,2015,103237.0
indicador9.xls,1,DENUNCIAS PRESENTADAS ANTE AGENCIAS DEL MINISTERIO PÚBLICO POR DELITOS DE GÉNERO,INMUJERES,Nacional,Nacional,2015,31408.0
indicador10.xls,1,PRESUNTOS DELITOS DE VIOLACIÓN,INMUJERES,Total,Total,2017,13520.0
indicador10.xls,1,PRESUNTOS DELITOS DE VIOLACIÓN,INMUJERES,Violación simple,Violación simple,2017,10786.0
indicador10.xls,1,PRESUNTOS DELITOS DE VIOLACIÓN,INMUJERES,Violación equiparada,Violación equiparada,2017,2734.0
indicador8.xls,1,MUJERES VÍCTIMAS DE VIOLENCIA ATENDIDAS EN REFUGIOS Y CENTROS DE JUSTICIA,INMUJERES,Nacional,Nacional,2017,394638.0
indicador9.xls,1,DENUNCIAS PRESENTADAS ANTE AGENCIAS DEL MINISTERIO PÚBLICO POR DELITOS DE GÉNERO,INMUJERES,Nacional,Nacional,2017,37025.0
indicador10.xls,1,PRESUNTOS DELITOS DE VIOLACIÓN,INMUJERES,Total,Total,2018,15322.0
indicador10.xls,1,PRESUNTOS DELITOS DE VIOLACIÓN,INMUJERES,Violación simple,Violación simple,2018,12360.0
indicador10.xls,1,PRESUNTOS DELITOS DE VIOLACIÓN,INMUJERES,Violación equiparada,Violación equiparada,2018,2962.0
indicador8.xls,1,MUJERES VÍCTIMAS DE VIOLENCIA ATENDIDAS EN REFUGIOS Y CENTROS DE JUSTICIA,INMUJERES,Nacional,Nacional,2018,567792.0
indicador9.xls,1,DENUNCIAS PRESENTADAS ANTE AGENCIAS DEL MINISTERIO PÚBLICO POR DELITOS DE GÉNERO,INMUJERES,Nacional,Nacional,2018,43016.0
indicador10.xls,1,PRESUNTOS DELITOS DE VIOLACIÓN,INMUJERES,Total,Total,2019,17342.0
indicador10.xls,1,PRESUNTOS DELITOS DE VIOLACIÓN,INMUJERES,Violación simple,Violación simple,2019,13665.0
indicador10.xls,1,PRESUNTOS DELITOS DE VIOLACIÓN,INMUJERES,Violación equiparada,Violación equiparada,2019,3677.0
indicador8.xls,1,MUJERES VÍCTIMAS DE VIOLENCIA ATENDIDAS EN REFUGIOS Y CENTROS DE JUSTICIA,INMUJERES,Nacional,Nacional,2019,747583.0
indicador9.xls,1,DENUNCIAS PRESENTADAS ANTE AGENCIAS DEL MINISTERIO PÚBLICO POR DELITOS DE GÉNERO,INMUJERES,Nacional,Nacional,2019,53431.0
indicador10.xls,1,PRESUNTOS DELITOS DE VIOLACIÓN,INMUJERES,Total,Total,2020,16543.0
indicador10.xls,1,PRESUNTOS DELITOS DE VIOLACIÓN,INMUJERES,Violación simple,Violación simple,2020,12318.0
indicador10.xls,1,PRESUNTOS DELITOS DE VIOLACIÓN,INMUJERES,Violación equiparada,Violación equiparada,2020,4225.0
indicador8.xls,1,MUJERES VÍCTIMAS DE VIOLENCIA ATENDIDAS EN REFUGIOS Y CENTROS DE JUSTICIA,INMUJERES,Nacional,Nacional,2020,942689.0
indicador9.xls,1,DENUNCIAS PRESENTADAS ANTE AGENCIAS DEL MINISTERIO PÚBLICO POR DELITOS DE GÉNERO,INMUJERES,Nacional,Nacional,2020,54313.0
indicador10.xls,1,PRESUNTOS DELITOS DE VIOLACIÓN,INMUJERES,Total,Total,2022,23101.0
indicador10.xls,1,PRESUNTOS DELITOS DE VIOLACIÓN,INMUJERES,Violación simple,Violación simple,2022,15646.0
indicador10.xls,1,PRESUNTOS DELITOS DE VIOLACIÓN,INMUJERES,Violación equiparada,Violación equiparada,2022,7455.0
indicador8.xls,1,MUJERES VÍCTIMAS DE VIOLENCIA ATENDIDAS EN REFUGIOS Y CENTROS DE JUSTICIA,INMUJERES,Nacional,Nacional,2022,1317887.0
indicador9.xls,1,DENUNCIAS PRESENTADAS ANTE AGENCIAS DEL MINISTERIO PÚBLICO POR DELITOS DE GÉNERO,INMUJERES,Nacional,Nacional,2022,82733.0
indicador10.xls,1,PRESUNTOS DELITOS DE VIOLACIÓN,INMUJERES,Total,Total,2023,19670.0
indicador10.xls,1,PRESUNTOS DELITOS DE VIOLACIÓN,INMUJERES,Violación simple,Violación simple,2023,13508.0
indicador10.xls,1,PRESUNTOS DELITOS DE VIOLACIÓN,INMUJERES,Violación equiparada,Violación equiparada,2023,6162.0
indicador8.xls,1,MUJERES VÍCTIMAS DE VIOLENCIA ATENDIDAS EN REFUGIOS Y CENTROS DE JUSTICIA,INMUJERES,Nacional,Nacional,2023,1362683.0
indicador9.xls,1,DENUNCIAS PRESENTADAS ANTE AGENCIAS DEL MINISTERIO PÚBLICO POR DELITOS DE GÉNERO,INMUJERES,Nacional,Nacional,2023,89252.0
indicador10.xls,1,PRESUNTOS DELITOS DE VIOLACIÓN,INMUJERES,Total,Total,2024,18286.0
indicador10.xls,1,PRESUNTOS DELITOS DE VIOLACIÓN,INMUJERES,Violación simple,Violación simple,2024,13002.0
indicador10.xls,1,PRESUNTOS DELITOS DE VIOLACIÓN,INMUJERES,Violación equiparada,Violación equiparada,2024,5284.0
indicador8.xls,1,MUJERES VÍCTIMAS DE VIOLENCIA ATENDIDAS EN REFUGIOS Y CENTROS DE JUSTICIA,INMUJERES,Nacional,Nacional,2024,1415356.0
indicador9.xls,1,DENUNCIAS PRESENTADAS ANTE AGENCIAS DEL MINISTERIO PÚBLICO POR DELITOS DE GÉNERO,INMUJERES,Nacional,Nacional,2024,71694.0
indicador8.xls,1,MUJERES VÍCTIMAS DE VIOLENCIA ATENDIDAS EN REFUGIOS Y CENTROS DE JUSTICIA,INMUJERES,Nacional,Nacional,2012,7025.0
indicador9.xls,1,DENUNCIAS PRESENTADAS ANTE AGENCIAS DEL MINISTERIO PÚBLICO POR DELITOS DE GÉNERO,INMUJERES,Nacional,Nacional,2012,34800.0
indicador8.xls,1,MUJERES VÍCTIMAS DE VIOLENCIA ATENDIDAS EN REFUGIOS Y CENTROS DE JUSTICIA,INMUJERES,Nacional,Nacional,2013,30007.0
indicador9.xls,1,DENUNCIAS PRESENTADAS ANTE AGENCIAS DEL MINISTERIO PÚBLICO POR DELITOS DE GÉNERO,INMUJERES,Nacional,Nacional,2013,33419.0
indicador8.xls,1,MUJERES VÍCTIMAS DE VIOLENCIA ATENDIDAS EN REFUGIOS Y CENTROS DE JUSTICIA,INMUJERES,Nacional,Nacional,2014,70434.0
indicador9.xls,1,DENUNCIAS PRESENTADAS ANTE AGENCIAS DEL MINISTERIO PÚBLICO POR DELITOS DE GÉNERO,INMUJERES,Nacional,Nacional,2014,32694.0
indicador9.xls,1,DENUNCIAS PRESENTADAS ANTE AGENCIAS DEL MINISTERIO PÚBLICO POR DELITOS DE GÉNERO,INMUJERES,Nacional,Nacional,2010,34086.0
